Date,Time,CO(GT),PT08.S1(CO),C6H6(GT),PT08.S2(NMHC),NOx(GT),PT08.S3(NOx),NO2(GT),PT08.S4(NO2),PT08.S5(O3),T,RH,AH
01/09/2025,00:00:00,0.99,947.0,1.37,696.0,70.0,905.0,36.0,945.0,723.0,28.1,39.1,1.478
01/09/2025,01:00:00,0.85,871.0,2.43,615.0,54.0,890.0,40.0,978.0,867.0,31.1,50.4,1.684
01/09/2025,02:00:00,0.54,838.0,1.7,691.0,51.0,897.0,43.0,961.0,843.0,24.7,68.4,1.302
01/09/2025,03:00:00,0.6,864.0,2.09,646.0,44.0,978.0,39.0,-200.0,817.0,24.7,46.0,1.453
01/09/2025,04:00:00,0.77,921.0,0.74,620.0,69.0,899.0,41.0,1021.0,865.0,22.4,55.1,1.303
01/09/2025,05:00:00,0.9,932.0,3.63,737.0,90.0,891.0,39.0,1015.0,765.0,20.9,62.8,1.33
01/09/2025,06:00:00,1.64,1039.0,5.95,927.0,70.0,845.0,65.0,1060.0,866.0,20.3,62.1,1.386
01/09/2025,07:00:00,1.66,1185.0,7.18,927.0,133.0,759.0,81.0,1203.0,915.0,19.4,-200.0,1.409
01/09/2025,08:00:00,1.85,1232.0,9.71,-200.0,173.0,746.0,84.0,1267.0,938.0,18.2,63.9,1.211
01/09/2025,09:00:00,2.34,1248.0,7.86,1089.0,222.0,701.0,105.0,1201.0,938.0,19.4,69.1,1.363
01/09/2025,10:00:00,2.41,1219.0,7.84,1049.0,175.0,657.0,110.0,1222.0,1053.0,17.8,71.4,1.28
01/09/2025,11:00:00,2.05,1249.0,8.08,851.0,117.0,-200.0,82.0,1114.0,898.0,19.1,70.7,-200.0
01/09/2025,12:00:00,1.35,1191.0,-200.0,943.0,94.0,919.0,71.0,1257.0,905.0,23.3,63.0,1.49
01/09/2025,13:00:00,0.83,989.0,4.52,786.0,-200.0,915.0,66.0,998.0,861.0,-200.0,69.9,1.255
01/09/2025,14:00:00,-200.0,1004.0,6.44,803.0,74.0,855.0,50.0,1053.0,-200.0,24.0,63.3,-200.0
01/09/2025,15:00:00,0.82,930.0,3.99,743.0,69.0,891.0,65.0,1081.0,884.0,23.9,65.4,1.393
01/09/2025,16:00:00,0.75,1025.0,4.82,733.0,83.0,831.0,-200.0,1060.0,863.0,26.4,58.9,1.547
01/09/2025,17:00:00,1.58,1192.0,-200.0,926.0,153.0,855.0,73.0,1114.0,863.0,26.2,53.7,1.466
01/09/2025,18:00:00,2.35,1119.0,8.07,955.0,189.0,713.0,82.0,1209.0,1029.0,23.7,51.7,1.358
01/09/2025,19:00:00,2.33,1346.0,10.23,1114.0,209.0,711.0,118.0,1198.0,1067.0,28.3,53.1,1.553
01/09/2025,20:00:00,2.15,1227.0,9.1,938.0,241.0,680.0,103.0,1237.0,1116.0,27.3,56.7,1.39
01/09/2025,21:00:00,2.07,1100.0,8.69,933.0,-200.0,761.0,67.0,1114.0,986.0,28.5,50.6,1.431
01/09/2025,22:00:00,1.07,1081.0,5.8,871.0,108.0,684.0,53.0,-200.0,844.0,29.9,51.4,1.422
01/09/2025,23:00:00,0.73,1063.0,1.46,790.0,93.0,875.0,37.0,924.0,810.0,31.1,54.2,1.458
02/09/2025,00:00:00,0.68,881.0,3.76,673.0,51.0,950.0,45.0,952.0,686.0,25.4,44.1,1.135
02/09/2025,01:00:00,0.42,918.0,3.13,603.0,19.0,984.0,44.0,975.0,756.0,26.1,47.8,1.372
02/09/2025,02:00:00,0.43,930.0,3.04,619.0,71.0,923.0,37.0,1062.0,731.0,-200.0,58.5,1.399
02/09/2025,03:00:00,1.03,924.0,4.61,667.0,51.0,877.0,32.0,895.0,837.0,24.1,55.2,1.458
02/09/2025,04:00:00,0.47,870.0,3.12,649.0,49.0,844.0,46.0,1080.0,868.0,22.8,61.3,1.264
02/09/2025,05:00:00,0.76,990.0,-200.0,763.0,-200.0,838.0,84.0,-200.0,962.0,22.3,64.9,1.297
02/09/2025,06:00:00,1.42,1069.0,4.08,796.0,146.0,741.0,61.0,992.0,1049.0,19.8,79.1,1.279
02/09/2025,07:00:00,1.78,1001.0,5.15,860.0,179.0,755.0,95.0,1198.0,-200.0,19.4,67.8,-200.0
02/09/2025,08:00:00,1.88,1312.0,7.69,937.0,164.0,658.0,92.0,1170.0,948.0,19.8,59.1,1.313
02/09/2025,09:00:00,2.85,-200.0,8.62,962.0,165.0,670.0,113.0,1284.0,978.0,18.0,71.0,1.296
02/09/2025,10:00:00,2.03,1269.0,9.07,1013.0,204.0,709.0,103.0,1263.0,942.0,18.3,74.7,1.354
02/09/2025,11:00:00,1.73,1256.0,5.66,892.0,194.0,784.0,81.0,1213.0,1061.0,19.6,71.3,1.342
02/09/2025,12:00:00,1.43,1046.0,7.21,842.0,163.0,737.0,73.0,1066.0,728.0,19.6,69.4,1.231
02/09/2025,13:00:00,1.53,-200.0,3.14,771.0,62.0,840.0,69.0,1095.0,932.0,20.0,61.3,-200.0
02/09/2025,14:00:00,0.77,994.0,3.8,742.0,108.0,-200.0,51.0,1130.0,779.0,21.1,60.5,-200.0
02/09/2025,15:00:00,0.76,1070.0,4.31,811.0,-200.0,927.0,52.0,1036.0,822.0,23.9,-200.0,1.469
02/09/2025,16:00:00,1.45,994.0,5.77,759.0,78.0,816.0,74.0,1090.0,738.0,27.3,53.7,1.491
02/09/2025,17:00:00,2.32,1024.0,7.52,968.0,136.0,877.0,101.0,1208.0,991.0,27.1,54.0,1.566
02/09/2025,18:00:00,-200.0,1332.0,11.13,1037.0,-200.0,755.0,79.0,1055.0,1024.0,26.1,57.5,1.399
02/09/2025,19:00:00,2.33,1351.0,8.28,1039.0,210.0,703.0,86.0,-200.0,940.0,30.7,65.7,1.463
02/09/2025,20:00:00,2.32,1284.0,8.79,971.0,159.0,-200.0,113.0,1286.0,1041.0,28.1,51.1,1.351
02/09/2025,21:00:00,1.27,1057.0,6.87,934.0,171.0,742.0,75.0,1175.0,983.0,31.4,52.7,1.421
02/09/2025,22:00:00,1.16,1094.0,-200.0,863.0,125.0,769.0,80.0,1086.0,850.0,28.7,38.3,1.458
02/09/2025,23:00:00,0.49,1039.0,-200.0,690.0,107.0,908.0,45.0,991.0,725.0,28.7,49.1,1.39
03/09/2025,00:00:00,0.51,1029.0,3.27,734.0,47.0,926.0,36.0,-200.0,788.0,27.0,60.6,1.369
03/09/2025,01:00:00,0.47,884.0,1.22,796.0,68.0,952.0,54.0,968.0,858.0,26.1,55.5,1.315
03/09/2025,02:00:00,0.1,912.0,2.49,699.0,40.0,950.0,51.0,897.0,751.0,27.4,56.9,1.551
03/09/2025,03:00:00,0.69,781.0,1.97,780.0,77.0,996.0,29.0,1084.0,864.0,23.7,74.5,1.302
03/09/2025,04:00:00,0.89,988.0,2.92,753.0,66.0,812.0,53.0,977.0,768.0,24.1,-200.0,1.423
03/09/2025,05:00:00,0.9,1033.0,3.16,782.0,84.0,844.0,45.0,1032.0,833.0,21.6,68.9,1.319
03/09/2025,06:00:00,0.93,1082.0,4.75,-200.0,115.0,807.0,70.0,992.0,838.0,20.3,66.8,1.341
03/09/2025,07:00:00,2.11,1236.0,6.48,913.0,118.0,826.0,-200.0,1133.0,941.0,20.6,70.0,1.286
03/09/2025,08:00:00,2.7,1214.0,7.94,962.0,210.0,738.0,94.0,1286.0,1026.0,19.0,80.3,1.357
03/09/2025,09:00:00,2.5,1287.0,8.65,1102.0,202.0,759.0,94.0,1306.0,1090.0,17.8,81.2,1.318
03/09/2025,10:00:00,2.14,1250.0,7.3,975.0,210.0,734.0,76.0,1227.0,992.0,18.0,67.0,1.382
03/09/2025,11:00:00,1.71,1231.0,7.02,1029.0,175.0,767.0,74.0,1128.0,847.0,20.5,60.5,1.245
03/09/2025,12:00:00,1.43,1128.0,4.32,864.0,-200.0,854.0,74.0,1102.0,915.0,17.2,67.3,1.158
03/09/2025,13:00:00,1.01,1005.0,3.58,797.0,85.0,870.0,-200.0,1084.0,827.0,22.1,68.8,1.302
03/09/2025,14:00:00,0.98,976.0,3.85,680.0,-200.0,889.0,41.0,948.0,813.0,-200.0,71.6,1.322
03/09/2025,15:00:00,1.1,1019.0,1.2,812.0,115.0,889.0,68.0,1069.0,849.0,24.3,59.5,1.438
03/09/2025,16:00:00,1.14,1040.0,8.4,828.0,123.0,841.0,70.0,1146.0,911.0,27.3,55.7,1.383
03/09/2025,17:00:00,1.59,1247.0,7.61,901.0,157.0,817.0,89.0,1162.0,910.0,25.2,60.6,1.423
03/09/2025,18:00:00,2.15,1234.0,8.8,980.0,181.0,722.0,83.0,1224.0,1012.0,28.3,48.3,1.448
03/09/2025,19:00:00,2.52,1326.0,8.37,982.0,181.0,708.0,123.0,1206.0,1022.0,30.0,50.2,1.474
03/09/2025,20:00:00,1.83,1225.0,8.52,1016.0,212.0,670.0,-200.0,1243.0,1012.0,28.0,50.4,1.458
03/09/2025,21:00:00,1.73,1221.0,5.52,922.0,193.0,817.0,100.0,1262.0,981.0,28.0,49.6,1.611
03/09/2025,22:00:00,1.3,1052.0,5.96,766.0,142.0,907.0,58.0,1183.0,758.0,29.4,56.7,1.567
03/09/2025,23:00:00,0.82,1101.0,2.13,795.0,83.0,772.0,31.0,1013.0,817.0,30.2,54.0,1.609
04/09/2025,00:00:00,0.95,893.0,1.48,817.0,68.0,932.0,30.0,978.0,792.0,31.0,50.2,1.555
04/09/2025,01:00:00,0.91,957.0,2.16,622.0,82.0,892.0,54.0,1082.0,787.0,25.4,53.8,1.584
04/09/2025,02:00:00,0.72,865.0,4.85,696.0,-200.0,890.0,29.0,1037.0,754.0,26.3,71.4,1.514
04/09/2025,03:00:00,1.09,891.0,1.82,800.0,102.0,927.0,61.0,1041.0,769.0,-200.0,52.8,1.223
04/09/2025,04:00:00,0.96,928.0,3.85,684.0,96.0,-200.0,38.0,910.0,844.0,21.0,53.2,1.393
04/09/2025,05:00:00,0.98,998.0,1.67,791.0,143.0,881.0,-200.0,1103.0,864.0,21.1,58.8,1.357
04/09/2025,06:00:00,1.19,1013.0,5.4,860.0,119.0,803.0,68.0,1082.0,881.0,20.1,68.6,1.365
04/09/2025,07:00:00,1.69,1130.0,9.05,968.0,104.0,843.0,78.0,1179.0,877.0,19.8,74.3,1.146
04/09/2025,08:00:00,2.32,1266.0,9.01,1116.0,188.0,708.0,92.0,1183.0,1028.0,19.8,-200.0,1.15
04/09/2025,09:00:00,2.31,1324.0,6.51,952.0,192.0,662.0,90.0,1349.0,1043.0,19.3,67.2,1.277
04/09/2025,10:00:00,1.84,1259.0,-200.0,1026.0,190.0,737.0,119.0,1167.0,1042.0,21.0,66.0,1.144
04/09/2025,11:00:00,1.7,1154.0,6.42,904.0,188.0,726.0,-200.0,1283.0,890.0,22.5,60.0,1.42
04/09/2025,12:00:00,1.58,981.0,6.88,838.0,105.0,832.0,46.0,1102.0,1080.0,20.5,75.1,1.325
04/09/2025,13:00:00,0.34,1016.0,4.17,778.0,74.0,939.0,38.0,1044.0,855.0,20.8,64.0,1.51
04/09/2025,14:00:00,1.22,1011.0,2.18,737.0,68.0,868.0,57.0,985.0,789.0,22.4,63.7,1.386
04/09/2025,15:00:00,1.13,1044.0,4.13,716.0,133.0,789.0,55.0,1023.0,974.0,23.7,64.3,1.442
04/09/2025,16:00:00,1.26,1069.0,4.57,784.0,107.0,-200.0,44.0,1088.0,921.0,24.4,64.3,1.446
04/09/2025,17:00:00,1.87,1129.0,-200.0,1049.0,158.0,808.0,112.0,1174.0,944.0,24.3,53.9,1.393
04/09/2025,18:00:00,2.46,1242.0,8.2,940.0,223.0,-200.0,62.0,1258.0,998.0,25.5,48.4,1.422
04/09/2025,19:00:00,2.41,1309.0,9.01,1117.0,213.0,735.0,96.0,1237.0,1071.0,29.4,51.2,1.481
04/09/2025,20:00:00,2.46,1260.0,8.87,959.0,141.0,688.0,96.0,1258.0,994.0,30.0,49.7,1.26
04/09/2025,21:00:00,2.0,1114.0,8.19,937.0,143.0,747.0,73.0,1236.0,837.0,29.5,47.2,1.602
04/09/2025,22:00:00,1.35,957.0,5.03,946.0,102.0,853.0,76.0,1162.0,878.0,28.5,44.0,1.583
04/09/2025,23:00:00,0.67,943.0,2.35,811.0,52.0,942.0,59.0,1085.0,-200.0,27.6,53.3,1.538
05/09/2025,00:00:00,0.58,883.0,2.0,621.0,51.0,881.0,43.0,1030.0,797.0,25.5,59.6,1.418
05/09/2025,01:00:00,0.1,919.0,2.99,682.0,6.0,902.0,41.0,937.0,746.0,25.5,63.8,1.397
05/09/2025,02:00:00,0.72,878.0,4.5,701.0,67.0,-200.0,49.0,1014.0,799.0,24.2,53.6,1.27
05/09/2025,03:00:00,0.54,895.0,3.15,765.0,64.0,902.0,41.0,941.0,-200.0,21.9,68.8,1.212
05/09/2025,04:00:00,0.58,937.0,3.29,729.0,56.0,917.0,28.0,1080.0,885.0,23.0,57.1,1.301
05/09/2025,05:00:00,1.11,1071.0,3.87,758.0,51.0,825.0,65.0,1065.0,777.0,20.4,65.7,1.328
05/09/2025,06:00:00,0.99,1048.0,5.36,933.0,-200.0,821.0,86.0,1166.0,814.0,20.5,72.3,1.348
05/09/2025,07:00:00,1.82,1072.0,9.26,1018.0,-200.0,737.0,82.0,1236.0,929.0,17.5,71.4,1.198
05/09/2025,08:00:00,2.14,1220.0,8.31,1054.0,208.0,635.0,97.0,1252.0,942.0,20.1,76.7,1.171
05/09/2025,09:00:00,2.35,1408.0,-200.0,1016.0,197.0,656.0,101.0,1209.0,968.0,19.6,64.9,1.226
05/09/2025,10:00:00,2.29,1347.0,8.46,870.0,215.0,742.0,80.0,1091.0,966.0,18.4,68.7,1.256
05/09/2025,11:00:00,2.25,1222.0,6.17,862.0,164.0,795.0,75.0,1198.0,975.0,21.7,67.6,1.178
05/09/2025,12:00:00,1.42,1102.0,3.53,-200.0,118.0,858.0,75.0,1090.0,-200.0,20.3,-200.0,1.325
05/09/2025,13:00:00,1.33,1029.0,2.21,772.0,73.0,882.0,58.0,1102.0,-200.0,21.7,63.8,1.495
05/09/2025,14:00:00,1.22,946.0,3.03,804.0,107.0,-200.0,71.0,1080.0,790.0,20.4,63.8,1.227
05/09/2025,15:00:00,1.18,1038.0,5.71,884.0,86.0,765.0,64.0,1090.0,760.0,22.8,58.7,1.568
05/09/2025,16:00:00,0.86,1115.0,6.81,910.0,100.0,763.0,61.0,1115.0,883.0,24.3,59.2,1.316
05/09/2025,17:00:00,1.73,1216.0,5.64,893.0,150.0,823.0,90.0,1066.0,939.0,27.7,51.2,1.431
05/09/2025,18:00:00,1.95,1225.0,8.22,1030.0,185.0,677.0,94.0,1301.0,1036.0,29.0,47.3,1.528
05/09/2025,19:00:00,3.12,1281.0,9.16,1072.0,217.0,696.0,82.0,1175.0,942.0,27.5,48.8,1.445
05/09/2025,20:00:00,1.97,1222.0,7.54,930.0,149.0,723.0,108.0,1187.0,987.0,29.1,45.7,1.312
05/09/2025,21:00:00,1.42,1224.0,8.54,883.0,200.0,698.0,88.0,1146.0,951.0,30.3,49.0,1.531
05/09/2025,22:00:00,0.62,1076.0,6.28,814.0,125.0,838.0,101.0,1100.0,794.0,28.3,54.2,1.474
05/09/2025,23:00:00,0.69,1000.0,4.58,884.0,86.0,938.0,47.0,1029.0,850.0,26.1,44.7,1.396
06/09/2025,00:00:00,0.63,935.0,3.08,721.0,69.0,-200.0,51.0,967.0,814.0,28.6,50.9,1.479
06/09/2025,01:00:00,0.87,816.0,1.13,628.0,30.0,886.0,33.0,1048.0,793.0,27.1,65.9,1.487
06/09/2025,02:00:00,0.34,955.0,4.67,679.0,63.0,841.0,-200.0,922.0,731.0,25.7,48.4,1.326
06/09/2025,03:00:00,0.94,877.0,3.84,733.0,76.0,881.0,71.0,981.0,801.0,25.4,54.4,1.462
06/09/2025,04:00:00,0.72,903.0,3.94,713.0,-200.0,912.0,22.0,893.0,708.0,24.3,64.1,1.324
06/09/2025,05:00:00,0.82,926.0,3.26,747.0,97.0,-200.0,53.0,986.0,856.0,22.4,57.0,1.502
06/09/2025,06:00:00,1.35,1063.0,4.59,878.0,131.0,799.0,86.0,1005.0,920.0,18.7,66.4,1.378
06/09/2025,07:00:00,2.15,1161.0,7.56,1009.0,-200.0,818.0,63.0,1209.0,920.0,17.4,77.0,1.148
06/09/2025,08:00:00,2.24,1177.0,9.73,1083.0,211.0,707.0,90.0,1237.0,1051.0,19.7,66.5,1.417
06/09/2025,09:00:00,2.12,1193.0,11.07,1033.0,199.0,679.0,113.0,1201.0,962.0,19.1,65.5,1.323
06/09/2025,10:00:00,2.33,1249.0,7.53,1007.0,224.0,727.0,81.0,1034.0,940.0,19.4,61.5,1.341
06/09/2025,11:00:00,1.9,1214.0,6.79,915.0,179.0,833.0,85.0,1074.0,917.0,-200.0,64.3,1.326
06/09/2025,12:00:00,1.27,1103.0,2.89,898.0,124.0,812.0,56.0,1034.0,1005.0,21.8,65.9,1.303
06/09/2025,13:00:00,1.24,1046.0,1.34,754.0,74.0,813.0,71.0,1032.0,-200.0,21.2,75.7,1.297
06/09/2025,14:00:00,0.3,949.0,4.54,647.0,79.0,897.0,66.0,1083.0,948.0,-200.0,61.7,1.237
06/09/2025,15:00:00,1.08,965.0,3.27,802.0,110.0,840.0,49.0,968.0,841.0,25.0,59.3,1.212
06/09/2025,16:00:00,-200.0,1054.0,3.04,869.0,105.0,848.0,31.0,1019.0,836.0,26.0,57.2,1.356
06/09/2025,17:00:00,1.43,1213.0,5.58,910.0,161.0,665.0,88.0,1065.0,1040.0,26.2,50.6,1.359
06/09/2025,18:00:00,1.85,1358.0,8.82,1118.0,197.0,721.0,108.0,1226.0,991.0,23.4,41.1,1.26
06/09/2025,19:00:00,2.65,1272.0,9.46,1020.0,198.0,688.0,108.0,1120.0,984.0,26.9,58.6,1.496
06/09/2025,20:00:00,2.52,1245.0,6.45,1094.0,170.0,672.0,101.0,1120.0,1028.0,-200.0,53.4,1.526
06/09/2025,21:00:00,2.13,1166.0,8.45,858.0,185.0,707.0,85.0,1194.0,1001.0,27.1,55.6,-200.0
06/09/2025,22:00:00,1.14,1042.0,4.53,853.0,125.0,807.0,61.0,1190.0,847.0,29.7,51.5,1.463
06/09/2025,23:00:00,0.99,942.0,4.48,723.0,81.0,808.0,44.0,1052.0,888.0,29.0,57.1,1.502
07/09/2025,00:00:00,0.68,893.0,3.05,696.0,44.0,752.0,42.0,981.0,788.0,26.0,45.2,1.348
07/09/2025,01:00:00,-200.0,853.0,2.99,742.0,78.0,841.0,39.0,-200.0,746.0,27.8,55.3,1.202
07/09/2025,02:00:00,0.65,946.0,1.91,671.0,59.0,838.0,50.0,970.0,762.0,25.2,60.0,1.523
07/09/2025,03:00:00,0.68,998.0,3.12,670.0,83.0,897.0,33.0,975.0,740.0,23.8,66.6,1.364
07/09/2025,04:00:00,0.92,913.0,3.78,714.0,52.0,825.0,41.0,987.0,820.0,21.0,64.7,1.347
07/09/2025,05:00:00,0.8,1076.0,-200.0,974.0,93.0,862.0,54.0,1138.0,843.0,23.4,67.1,1.386
07/09/2025,06:00:00,1.62,1051.0,5.49,849.0,106.0,773.0,56.0,1131.0,942.0,18.7,-200.0,1.129
07/09/2025,07:00:00,1.81,1123.0,8.29,939.0,187.0,-200.0,64.0,1197.0,980.0,17.9,61.3,1.189
07/09/2025,08:00:00,2.65,1302.0,7.85,1040.0,194.0,738.0,103.0,1245.0,-200.0,19.4,-200.0,1.286
07/09/2025,09:00:00,2.59,1245.0,9.78,956.0,180.0,685.0,86.0,1223.0,989.0,17.5,67.5,1.231
07/09/2025,10:00:00,2.29,1298.0,8.16,1066.0,205.0,727.0,98.0,1206.0,945.0,22.3,73.8,1.232
07/09/2025,11:00:00,1.5,1180.0,8.69,971.0,177.0,796.0,87.0,1108.0,939.0,18.2,71.2,1.298
07/09/2025,12:00:00,0.99,1036.0,3.72,742.0,109.0,823.0,82.0,1076.0,868.0,21.7,74.6,1.39
07/09/2025,13:00:00,1.39,956.0,5.86,908.0,74.0,-200.0,82.0,1071.0,846.0,24.0,67.4,1.341
07/09/2025,14:00:00,1.09,908.0,3.27,753.0,37.0,764.0,66.0,1026.0,911.0,23.8,61.5,1.476
07/09/2025,15:00:00,0.92,1048.0,6.83,714.0,112.0,831.0,46.0,1102.0,926.0,22.9,66.4,1.411
07/09/2025,16:00:00,1.22,1047.0,5.93,858.0,81.0,781.0,62.0,1116.0,846.0,25.8,51.2,1.455
07/09/2025,17:00:00,1.85,1184.0,8.0,882.0,152.0,820.0,85.0,-200.0,975.0,28.5,53.5,1.421
07/09/2025,18:00:00,1.89,1260.0,8.22,927.0,152.0,700.0,-200.0,1173.0,1016.0,25.3,48.2,1.389
07/09/2025,19:00:00,2.28,1287.0,9.82,1035.0,-200.0,666.0,103.0,1176.0,970.0,30.0,45.7,1.583
07/09/2025,20:00:00,2.38,1280.0,9.23,1003.0,213.0,749.0,110.0,1158.0,1058.0,29.6,44.9,1.346
07/09/2025,21:00:00,1.98,1195.0,6.8,845.0,159.0,692.0,82.0,1231.0,851.0,31.8,46.7,1.398
07/09/2025,22:00:00,1.22,1066.0,6.29,795.0,136.0,817.0,76.0,995.0,938.0,29.5,51.3,1.449
07/09/2025,23:00:00,1.34,965.0,0.12,710.0,84.0,-200.0,39.0,1059.0,832.0,28.6,49.6,1.469
08/09/2025,00:00:00,0.86,835.0,2.23,680.0,44.0,864.0,47.0,1011.0,741.0,28.6,54.2,1.461
08/09/2025,01:00:00,0.41,864.0,3.03,736.0,27.0,877.0,21.0,959.0,790.0,24.6,56.1,1.445
08/09/2025,02:00:00,0.29,884.0,3.64,710.0,77.0,972.0,55.0,999.0,905.0,24.1,45.7,1.406
08/09/2025,03:00:00,0.79,911.0,4.31,707.0,43.0,888.0,40.0,1016.0,943.0,24.1,60.8,1.384
08/09/2025,04:00:00,0.62,826.0,3.15,626.0,121.0,-200.0,29.0,950.0,772.0,21.9,58.8,1.308
08/09/2025,05:00:00,0.78,1014.0,3.68,765.0,65.0,855.0,49.0,1001.0,836.0,20.6,56.8,1.393
08/09/2025,06:00:00,1.37,1077.0,6.41,778.0,-200.0,893.0,70.0,1091.0,-200.0,23.5,68.2,1.49
08/09/2025,07:00:00,1.97,1130.0,8.35,837.0,178.0,665.0,66.0,1159.0,931.0,22.4,69.0,1.318
08/09/2025,08:00:00,2.42,1206.0,9.3,1064.0,159.0,758.0,85.0,1140.0,1070.0,15.4,70.4,1.246
08/09/2025,09:00:00,2.41,1259.0,8.82,977.0,191.0,719.0,96.0,-200.0,979.0,19.1,73.5,1.255
08/09/2025,10:00:00,1.65,1181.0,11.47,1021.0,182.0,714.0,105.0,1228.0,937.0,17.4,66.3,1.127
08/09/2025,11:00:00,2.03,1145.0,7.07,905.0,222.0,752.0,57.0,1221.0,908.0,21.4,63.7,1.161
08/09/2025,12:00:00,1.12,1050.0,5.67,788.0,111.0,892.0,71.0,1094.0,870.0,20.8,66.9,1.434
08/09/2025,13:00:00,1.07,1041.0,6.25,843.0,67.0,893.0,51.0,1025.0,886.0,23.7,62.7,1.454
08/09/2025,14:00:00,0.84,989.0,5.74,-200.0,91.0,818.0,63.0,1079.0,837.0,21.4,76.1,1.369
08/09/2025,15:00:00,1.55,1061.0,5.14,746.0,69.0,858.0,59.0,1116.0,880.0,22.6,59.2,1.451
08/09/2025,16:00:00,1.84,1067.0,4.32,800.0,115.0,882.0,81.0,1012.0,938.0,25.0,57.3,1.319
08/09/2025,17:00:00,1.68,1110.0,7.11,942.0,144.0,794.0,86.0,1129.0,917.0,25.6,50.4,1.501
08/09/2025,18:00:00,1.89,1365.0,9.03,1007.0,197.0,733.0,81.0,-200.0,977.0,27.4,47.5,1.483
08/09/2025,19:00:00,2.08,1281.0,11.34,1011.0,189.0,635.0,-200.0,1187.0,1027.0,30.1,42.8,1.459
08/09/2025,20:00:00,2.29,1168.0,11.95,965.0,172.0,835.0,101.0,1309.0,946.0,29.5,48.4,1.26
08/09/2025,21:00:00,1.66,1178.0,-200.0,929.0,174.0,804.0,72.0,1096.0,935.0,28.6,48.6,1.328
08/09/2025,22:00:00,1.03,962.0,-200.0,802.0,121.0,910.0,58.0,1121.0,937.0,28.9,55.5,1.65
08/09/2025,23:00:00,0.81,972.0,3.17,862.0,87.0,877.0,24.0,1067.0,845.0,26.0,49.7,1.588
09/09/2025,00:00:00,0.71,872.0,2.85,671.0,22.0,899.0,50.0,960.0,870.0,24.6,-200.0,1.25
09/09/2025,01:00:00,0.58,932.0,1.97,719.0,73.0,868.0,39.0,968.0,750.0,28.3,55.8,1.267
09/09/2025,02:00:00,0.49,960.0,5.04,697.0,51.0,947.0,34.0,1080.0,820.0,24.2,56.4,1.513
09/09/2025,03:00:00,0.55,890.0,3.43,693.0,-200.0,970.0,30.0,1057.0,837.0,26.2,64.3,1.415
09/09/2025,04:00:00,0.7,906.0,3.81,776.0,34.0,937.0,39.0,1148.0,833.0,22.2,69.3,1.273
09/09/2025,05:00:00,1.0,1022.0,4.21,799.0,92.0,974.0,58.0,889.0,822.0,21.7,64.3,1.211
09/09/2025,06:00:00,1.38,1012.0,5.82,869.0,119.0,828.0,67.0,1125.0,-200.0,21.7,61.7,1.21
09/09/2025,07:00:00,1.38,1168.0,7.46,962.0,148.0,737.0,76.0,1017.0,994.0,21.1,67.4,1.452
09/09/2025,08:00:00,2.27,1293.0,7.59,927.0,169.0,732.0,80.0,1217.0,903.0,18.4,70.2,1.293
09/09/2025,09:00:00,2.31,1253.0,6.97,1074.0,223.0,740.0,97.0,1231.0,927.0,19.1,-200.0,1.103
09/09/2025,10:00:00,1.97,1243.0,6.82,1002.0,171.0,706.0,85.0,1151.0,1012.0,19.1,67.7,1.213
09/09/2025,11:00:00,1.7,1171.0,5.04,904.0,171.0,765.0,78.0,1124.0,912.0,20.2,60.7,1.463
09/09/2025,12:00:00,1.61,1140.0,5.64,1031.0,137.0,830.0,72.0,1076.0,888.0,20.8,68.7,1.345
09/09/2025,13:00:00,1.19,914.0,3.31,694.0,74.0,882.0,47.0,1074.0,773.0,20.4,59.0,1.168
09/09/2025,14:00:00,0.9,952.0,5.08,748.0,96.0,877.0,70.0,963.0,846.0,22.9,60.5,1.294
09/09/2025,15:00:00,0.76,-200.0,4.58,766.0,82.0,867.0,47.0,1004.0,889.0,21.8,58.7,1.325
09/09/2025,16:00:00,-200.0,1119.0,3.2,836.0,129.0,852.0,44.0,1126.0,794.0,25.3,50.5,1.501
09/09/2025,17:00:00,1.56,1149.0,6.48,876.0,134.0,806.0,78.0,1203.0,-200.0,26.7,54.7,1.424
09/09/2025,18:00:00,2.23,1257.0,5.87,1028.0,184.0,695.0,87.0,1377.0,1030.0,26.1,47.0,1.559
09/09/2025,19:00:00,2.41,1328.0,7.63,988.0,202.0,608.0,141.0,1254.0,-200.0,27.9,58.3,1.484
09/09/2025,20:00:00,2.06,1290.0,7.82,1031.0,186.0,668.0,89.0,1258.0,988.0,28.1,56.5,1.232
09/09/2025,21:00:00,2.01,1247.0,5.83,940.0,160.0,791.0,62.0,1146.0,935.0,28.3,55.4,1.519
09/09/2025,22:00:00,1.41,1126.0,7.63,825.0,99.0,785.0,64.0,1177.0,899.0,30.0,50.6,-200.0
09/09/2025,23:00:00,0.28,894.0,5.05,763.0,76.0,875.0,50.0,986.0,823.0,29.0,52.6,1.43
10/09/2025,00:00:00,0.63,804.0,2.61,787.0,74.0,897.0,26.0,990.0,720.0,29.0,51.6,1.519
10/09/2025,01:00:00,0.79,868.0,4.72,732.0,52.0,903.0,44.0,-200.0,778.0,29.6,57.2,1.467
10/09/2025,02:00:00,0.66,791.0,1.87,712.0,51.0,923.0,47.0,1025.0,771.0,26.9,65.1,1.459
10/09/2025,03:00:00,0.79,988.0,2.75,732.0,47.0,955.0,42.0,1056.0,801.0,21.7,54.7,1.282
10/09/2025,04:00:00,0.67,840.0,4.48,729.0,61.0,884.0,41.0,1001.0,881.0,21.7,64.3,1.278
10/09/2025,05:00:00,0.93,959.0,2.81,797.0,66.0,810.0,47.0,1095.0,757.0,23.5,56.0,1.481
10/09/2025,06:00:00,1.3,1006.0,6.19,805.0,130.0,837.0,56.0,1008.0,932.0,19.9,64.6,1.309
10/09/2025,07:00:00,1.84,1069.0,-200.0,1053.0,144.0,803.0,64.0,1175.0,1030.0,19.0,-200.0,-200.0
10/09/2025,08:00:00,2.08,1332.0,9.12,1026.0,165.0,-200.0,112.0,1106.0,1074.0,19.7,70.8,1.236
10/09/2025,09:00:00,2.67,1265.0,11.16,1205.0,196.0,664.0,129.0,1230.0,1098.0,18.6,72.9,1.378
10/09/2025,10:00:00,2.58,1375.0,8.96,1138.0,158.0,721.0,82.0,1370.0,991.0,21.7,75.8,1.355
10/09/2025,11:00:00,1.66,1249.0,7.13,904.0,136.0,743.0,73.0,1176.0,937.0,19.4,61.2,1.255
10/09/2025,12:00:00,1.03,1060.0,3.61,854.0,143.0,827.0,51.0,1066.0,781.0,24.1,71.0,1.508
10/09/2025,13:00:00,0.65,861.0,4.55,796.0,68.0,826.0,64.0,1079.0,831.0,20.7,73.6,1.279
10/09/2025,14:00:00,0.97,940.0,3.33,804.0,78.0,917.0,37.0,1029.0,893.0,21.7,-200.0,1.352
10/09/2025,15:00:00,1.14,1123.0,4.15,783.0,134.0,859.0,61.0,980.0,765.0,22.7,57.1,1.235
10/09/2025,16:00:00,1.42,1086.0,4.84,907.0,121.0,730.0,69.0,984.0,833.0,24.1,58.0,1.32
10/09/2025,17:00:00,1.92,1155.0,7.57,-200.0,143.0,804.0,78.0,1159.0,939.0,27.6,-200.0,1.529
10/09/2025,18:00:00,2.08,1224.0,7.22,982.0,147.0,759.0,110.0,1208.0,889.0,25.5,51.8,1.405
10/09/2025,19:00:00,1.9,1353.0,9.25,1040.0,203.0,698.0,96.0,1229.0,1100.0,26.8,58.5,1.446
10/09/2025,20:00:00,2.1,1283.0,7.16,979.0,171.0,628.0,94.0,1270.0,1012.0,29.6,62.2,1.483
10/09/2025,21:00:00,2.2,1182.0,4.81,836.0,164.0,813.0,65.0,1243.0,951.0,25.7,48.4,1.41
10/09/2025,22:00:00,1.38,1126.0,4.96,887.0,102.0,770.0,34.0,1137.0,923.0,26.6,61.9,1.378
10/09/2025,23:00:00,1.05,1042.0,4.71,706.0,92.0,844.0,64.0,1023.0,820.0,28.3,49.6,1.418
11/09/2025,00:00:00,0.83,926.0,2.07,-200.0,89.0,871.0,33.0,1003.0,815.0,28.1,56.7,1.434
11/09/2025,01:00:00,0.39,805.0,3.17,742.0,74.0,828.0,54.0,1062.0,747.0,26.0,49.8,1.391
11/09/2025,02:00:00,0.67,844.0,2.6,770.0,35.0,899.0,36.0,1050.0,674.0,25.9,53.0,1.465
11/09/2025,03:00:00,0.77,873.0,1.9,677.0,65.0,905.0,40.0,1037.0,803.0,22.7,58.4,1.397
11/09/2025,04:00:00,0.5,928.0,-200.0,669.0,90.0,891.0,47.0,986.0,902.0,25.0,66.7,1.531
11/09/2025,05:00:00,1.04,1067.0,3.37,722.0,56.0,851.0,45.0,1110.0,930.0,22.9,66.0,1.427
11/09/2025,06:00:00,1.63,1181.0,5.82,899.0,149.0,784.0,44.0,1179.0,869.0,19.2,58.8,1.196
11/09/2025,07:00:00,1.69,1188.0,5.22,996.0,155.0,841.0,69.0,1215.0,917.0,19.4,62.0,1.221
11/09/2025,08:00:00,1.79,1294.0,8.58,1034.0,198.0,729.0,83.0,1402.0,895.0,16.2,61.0,1.318
11/09/2025,09:00:00,2.44,1209.0,9.75,1064.0,193.0,653.0,100.0,1295.0,1058.0,20.4,71.6,1.374
11/09/2025,10:00:00,2.06,1235.0,8.83,943.0,187.0,742.0,108.0,1294.0,1004.0,17.3,70.4,1.349
11/09/2025,11:00:00,1.84,1132.0,8.05,958.0,135.0,786.0,71.0,1204.0,-200.0,18.9,69.3,1.277
11/09/2025,12:00:00,1.11,1022.0,6.18,884.0,147.0,851.0,63.0,1092.0,772.0,20.0,67.7,1.275
11/09/2025,13:00:00,1.0,1021.0,4.65,785.0,126.0,855.0,56.0,983.0,744.0,19.4,61.2,1.323
11/09/2025,14:00:00,1.18,933.0,4.92,764.0,124.0,839.0,40.0,992.0,837.0,21.5,63.4,1.192
11/09/2025,15:00:00,0.98,873.0,3.85,719.0,55.0,788.0,58.0,1008.0,758.0,24.6,67.2,1.371
11/09/2025,16:00:00,0.91,1111.0,6.03,905.0,123.0,793.0,77.0,1028.0,910.0,24.5,60.3,1.587
11/09/2025,17:00:00,1.89,-200.0,7.0,857.0,161.0,685.0,84.0,1149.0,965.0,27.8,49.1,1.423
11/09/2025,18:00:00,2.23,-200.0,10.63,1015.0,172.0,735.0,94.0,1226.0,908.0,28.6,51.3,-200.0
11/09/2025,19:00:00,2.45,1290.0,9.33,1075.0,207.0,620.0,90.0,1321.0,1003.0,27.1,48.2,1.421
11/09/2025,20:00:00,2.47,1207.0,6.87,1078.0,158.0,702.0,93.0,1153.0,929.0,28.1,54.7,1.613
11/09/2025,21:00:00,1.66,1114.0,7.27,989.0,182.0,804.0,71.0,1219.0,984.0,28.3,44.7,1.348
11/09/2025,22:00:00,1.24,1122.0,4.23,901.0,85.0,809.0,57.0,1115.0,1060.0,28.2,51.2,1.532
11/09/2025,23:00:00,0.69,-200.0,5.02,750.0,92.0,859.0,50.0,1070.0,832.0,30.5,49.6,1.471
12/09/2025,00:00:00,0.65,1021.0,3.9,828.0,76.0,922.0,38.0,994.0,881.0,27.8,49.0,1.391
12/09/2025,01:00:00,0.64,958.0,2.28,760.0,48.0,925.0,52.0,1126.0,857.0,24.0,56.0,1.213
12/09/2025,02:00:00,0.55,923.0,1.79,683.0,88.0,951.0,33.0,954.0,797.0,24.3,56.3,1.558
12/09/2025,03:00:00,0.83,1073.0,3.3,693.0,27.0,923.0,46.0,973.0,834.0,23.3,63.7,1.438
12/09/2025,04:00:00,0.48,1007.0,2.37,768.0,70.0,903.0,39.0,1026.0,746.0,23.3,60.1,1.234
12/09/2025,05:00:00,0.98,951.0,3.14,741.0,-200.0,764.0,41.0,1072.0,846.0,24.2,59.1,1.258
12/09/2025,06:00:00,1.46,996.0,4.76,768.0,100.0,833.0,71.0,1112.0,862.0,21.6,66.0,1.268
12/09/2025,07:00:00,1.66,1139.0,7.72,936.0,143.0,851.0,85.0,1162.0,1007.0,19.5,69.9,1.34
12/09/2025,08:00:00,1.88,1255.0,6.63,891.0,175.0,752.0,87.0,1257.0,-200.0,17.9,72.7,1.245
12/09/2025,09:00:00,1.98,1255.0,8.09,1070.0,225.0,748.0,62.0,1286.0,942.0,21.1,69.1,1.231
12/09/2025,10:00:00,2.26,1193.0,11.29,1051.0,163.0,686.0,108.0,1223.0,925.0,18.7,73.9,1.266
12/09/2025,11:00:00,2.22,1179.0,9.32,917.0,122.0,764.0,89.0,1276.0,980.0,17.5,62.0,1.378
12/09/2025,12:00:00,1.17,1114.0,6.86,904.0,108.0,848.0,78.0,1127.0,870.0,21.0,72.0,1.38
12/09/2025,13:00:00,1.1,1098.0,-200.0,822.0,92.0,879.0,67.0,1037.0,751.0,19.6,67.8,1.112
12/09/2025,14:00:00,0.27,965.0,4.81,697.0,91.0,909.0,49.0,1112.0,886.0,-200.0,60.4,1.269
12/09/2025,15:00:00,1.08,1022.0,3.83,778.0,113.0,800.0,48.0,932.0,760.0,23.4,65.2,1.355
12/09/2025,16:00:00,1.05,949.0,2.16,812.0,-200.0,780.0,43.0,1033.0,850.0,24.8,59.0,1.41
12/09/2025,17:00:00,1.69,1217.0,6.29,914.0,187.0,703.0,81.0,1153.0,921.0,22.4,61.4,1.479
12/09/2025,18:00:00,2.24,1200.0,7.84,1079.0,170.0,733.0,89.0,1155.0,920.0,-200.0,49.0,1.482
12/09/2025,19:00:00,1.98,1318.0,9.03,1084.0,194.0,691.0,91.0,1298.0,907.0,26.6,47.9,1.485
12/09/2025,20:00:00,3.01,1258.0,8.99,976.0,187.0,710.0,-200.0,1272.0,1025.0,27.7,53.1,1.236
12/09/2025,21:00:00,1.64,1150.0,8.95,944.0,109.0,734.0,67.0,1263.0,968.0,29.3,50.3,1.446
12/09/2025,22:00:00,1.46,969.0,-200.0,797.0,107.0,779.0,48.0,1064.0,882.0,28.6,43.1,1.542
12/09/2025,23:00:00,1.32,931.0,2.94,740.0,107.0,862.0,63.0,1082.0,858.0,31.8,60.7,1.724
13/09/2025,00:00:00,0.67,843.0,2.77,785.0,73.0,955.0,53.0,1077.0,706.0,24.9,61.7,-200.0
13/09/2025,01:00:00,0.3,865.0,3.78,841.0,50.0,978.0,31.0,1010.0,829.0,25.9,56.0,1.401
13/09/2025,02:00:00,0.64,973.0,2.9,800.0,65.0,977.0,55.0,1061.0,824.0,26.5,54.0,1.253
13/09/2025,03:00:00,0.18,889.0,2.18,724.0,73.0,872.0,43.0,1000.0,829.0,23.3,56.7,1.346
13/09/2025,04:00:00,0.65,890.0,4.08,737.0,65.0,826.0,62.0,1098.0,839.0,22.7,64.5,1.458
13/09/2025,05:00:00,1.36,1016.0,2.78,823.0,97.0,906.0,59.0,1002.0,893.0,25.4,72.2,1.5
13/09/2025,06:00:00,0.96,1077.0,4.31,-200.0,99.0,885.0,71.0,1006.0,873.0,20.6,80.3,1.306
13/09/2025,07:00:00,1.58,1287.0,7.47,853.0,134.0,789.0,83.0,1143.0,936.0,21.8,67.2,1.31
13/09/2025,08:00:00,2.69,1321.0,7.47,1116.0,180.0,718.0,85.0,1220.0,907.0,20.1,67.9,1.563
13/09/2025,09:00:00,2.36,1181.0,8.58,985.0,152.0,669.0,84.0,1276.0,1038.0,20.1,69.2,1.28
13/09/2025,10:00:00,2.0,1309.0,8.43,1082.0,200.0,750.0,97.0,1253.0,944.0,18.9,71.7,1.222
13/09/2025,11:00:00,1.89,1206.0,6.93,974.0,154.0,796.0,79.0,1123.0,900.0,17.2,64.4,1.188
13/09/2025,12:00:00,1.2,1160.0,4.24,943.0,112.0,834.0,95.0,1040.0,858.0,22.1,60.3,1.195
13/09/2025,13:00:00,0.31,974.0,4.69,823.0,106.0,802.0,62.0,1152.0,784.0,22.3,63.8,1.391
13/09/2025,14:00:00,0.53,1026.0,2.81,721.0,89.0,820.0,39.0,1030.0,824.0,23.5,64.1,1.435
13/09/2025,15:00:00,1.5,965.0,6.28,835.0,111.0,852.0,52.0,1025.0,888.0,23.8,68.6,1.437
13/09/2025,16:00:00,1.4,1078.0,4.92,820.0,148.0,872.0,60.0,1119.0,819.0,24.3,52.0,1.464
13/09/2025,17:00:00,2.16,1102.0,7.71,878.0,159.0,-200.0,79.0,1108.0,932.0,28.5,60.6,1.41
13/09/2025,18:00:00,1.97,1178.0,9.29,915.0,172.0,700.0,78.0,1183.0,1017.0,28.0,52.4,1.444
13/09/2025,19:00:00,2.39,-200.0,8.57,1043.0,215.0,609.0,111.0,1298.0,864.0,-200.0,50.1,1.527
13/09/2025,20:00:00,2.18,1261.0,7.25,923.0,172.0,786.0,89.0,1165.0,-200.0,28.7,42.6,1.428
13/09/2025,21:00:00,1.65,1088.0,7.84,1011.0,137.0,830.0,88.0,1086.0,907.0,28.5,52.0,1.415
13/09/2025,22:00:00,1.36,1107.0,3.66,752.0,109.0,827.0,56.0,1077.0,828.0,24.9,51.7,1.497
13/09/2025,23:00:00,0.67,812.0,2.63,746.0,110.0,-200.0,47.0,1063.0,843.0,27.2,62.7,1.364
14/09/2025,00:00:00,0.9,852.0,3.73,682.0,75.0,885.0,47.0,1083.0,763.0,31.4,51.6,1.414
14/09/2025,01:00:00,0.72,801.0,2.77,710.0,78.0,946.0,15.0,1021.0,796.0,23.0,62.8,1.254
14/09/2025,02:00:00,0.57,974.0,2.19,655.0,-200.0,926.0,52.0,1033.0,760.0,23.6,55.9,1.641
14/09/2025,03:00:00,0.68,884.0,2.55,771.0,75.0,874.0,-200.0,945.0,867.0,20.4,58.3,1.408
14/09/2025,04:00:00,0.66,935.0,2.5,735.0,83.0,995.0,62.0,1030.0,963.0,20.3,54.2,1.369
14/09/2025,05:00:00,0.51,995.0,6.77,766.0,73.0,785.0,43.0,981.0,878.0,18.7,70.7,1.181
14/09/2025,06:00:00,1.06,1106.0,6.59,802.0,127.0,791.0,67.0,1154.0,890.0,18.7,67.8,1.324
14/09/2025,07:00:00,1.75,1206.0,5.98,962.0,153.0,739.0,74.0,1172.0,902.0,22.2,68.6,1.514
14/09/2025,08:00:00,2.14,1309.0,8.04,1093.0,178.0,725.0,76.0,1222.0,-200.0,20.5,68.2,1.347
14/09/2025,09:00:00,2.56,1284.0,9.72,1198.0,193.0,757.0,101.0,1280.0,958.0,18.6,71.2,1.162
14/09/2025,10:00:00,2.36,1312.0,7.24,964.0,175.0,761.0,77.0,1196.0,998.0,-200.0,66.1,1.387
14/09/2025,11:00:00,1.65,1126.0,6.31,924.0,147.0,774.0,87.0,1137.0,904.0,19.0,70.9,1.263
14/09/2025,12:00:00,1.08,1036.0,5.05,735.0,116.0,753.0,74.0,-200.0,811.0,19.0,62.3,1.294
14/09/2025,13:00:00,1.18,894.0,3.24,813.0,104.0,905.0,68.0,1161.0,831.0,20.9,64.3,1.22
14/09/2025,14:00:00,0.92,1061.0,5.22,678.0,111.0,813.0,55.0,1024.0,776.0,20.3,65.1,1.23
14/09/2025,15:00:00,0.83,927.0,3.44,791.0,102.0,837.0,48.0,1035.0,924.0,21.2,67.0,-200.0
14/09/2025,16:00:00,1.04,1145.0,5.27,908.0,118.0,816.0,62.0,1142.0,839.0,26.3,58.5,1.348
14/09/2025,17:00:00,1.62,1197.0,7.12,909.0,113.0,727.0,-200.0,1166.0,925.0,-200.0,61.5,1.434
14/09/2025,18:00:00,2.32,1273.0,10.32,964.0,235.0,678.0,112.0,-200.0,945.0,25.6,52.9,1.344
14/09/2025,19:00:00,2.82,1322.0,8.9,1123.0,186.0,744.0,118.0,1371.0,932.0,29.0,46.7,1.644
14/09/2025,20:00:00,2.17,1197.0,10.98,1055.0,173.0,792.0,93.0,1197.0,1018.0,29.6,60.7,1.541
14/09/2025,21:00:00,1.58,1261.0,6.53,869.0,178.0,764.0,91.0,1115.0,927.0,28.1,49.4,1.538
14/09/2025,22:00:00,1.85,1036.0,5.1,846.0,93.0,732.0,57.0,1089.0,1008.0,27.4,55.1,1.434
14/09/2025,23:00:00,0.85,1037.0,5.27,720.0,94.0,-200.0,57.0,1017.0,896.0,29.5,48.2,1.29
15/09/2025,00:00:00,0.4,867.0,5.31,758.0,51.0,865.0,36.0,970.0,804.0,28.2,55.5,1.548
15/09/2025,01:00:00,0.5,815.0,2.69,707.0,55.0,918.0,43.0,1007.0,820.0,29.1,56.7,1.471
15/09/2025,02:00:00,0.5,1022.0,4.52,786.0,62.0,914.0,31.0,890.0,796.0,25.9,57.4,1.461
15/09/2025,03:00:00,0.96,873.0,4.16,657.0,40.0,801.0,24.0,1050.0,748.0,21.3,70.1,1.32
15/09/2025,04:00:00,0.32,958.0,2.54,739.0,68.0,865.0,30.0,1076.0,736.0,20.4,64.7,1.085
15/09/2025,05:00:00,1.09,795.0,4.13,766.0,107.0,893.0,58.0,947.0,-200.0,21.2,63.1,1.28
15/09/2025,06:00:00,1.31,1054.0,5.32,852.0,114.0,816.0,50.0,1126.0,952.0,21.7,74.9,-200.0
15/09/2025,07:00:00,1.65,1201.0,5.73,900.0,223.0,713.0,76.0,-200.0,946.0,20.2,59.6,1.324
15/09/2025,08:00:00,2.14,1269.0,8.61,892.0,188.0,752.0,105.0,1199.0,1010.0,18.2,62.4,1.311
15/09/2025,09:00:00,2.34,1294.0,9.1,1087.0,176.0,617.0,113.0,1271.0,1043.0,16.5,74.4,1.445
15/09/2025,10:00:00,2.25,1248.0,8.86,-200.0,176.0,731.0,82.0,1278.0,969.0,21.4,70.8,1.374
15/09/2025,11:00:00,1.68,1217.0,7.06,886.0,114.0,740.0,51.0,1186.0,899.0,21.8,65.9,1.28
15/09/2025,12:00:00,1.31,983.0,4.61,813.0,138.0,842.0,54.0,-200.0,991.0,18.4,69.0,1.225
15/09/2025,13:00:00,0.79,972.0,7.23,711.0,122.0,845.0,55.0,1058.0,872.0,22.5,70.3,1.402
15/09/2025,14:00:00,1.42,1047.0,4.17,651.0,98.0,894.0,57.0,1067.0,739.0,23.1,57.3,1.446
15/09/2025,15:00:00,1.24,897.0,5.85,833.0,73.0,925.0,39.0,1008.0,747.0,25.0,59.6,1.276
15/09/2025,16:00:00,1.44,1054.0,5.93,872.0,99.0,855.0,43.0,1049.0,921.0,27.6,57.6,1.427
15/09/2025,17:00:00,1.68,1099.0,8.79,858.0,168.0,801.0,69.0,1161.0,884.0,28.6,56.5,1.457
15/09/2025,18:00:00,2.43,1279.0,7.48,1155.0,176.0,749.0,88.0,1260.0,973.0,28.3,56.2,1.304
15/09/2025,19:00:00,2.47,1302.0,8.89,988.0,183.0,614.0,125.0,1216.0,880.0,28.0,41.5,1.531
15/09/2025,20:00:00,2.25,1204.0,7.87,1055.0,167.0,724.0,95.0,1240.0,955.0,28.4,53.0,1.49
15/09/2025,21:00:00,1.66,1166.0,6.28,932.0,190.0,781.0,87.0,-200.0,982.0,28.7,40.5,1.454
15/09/2025,22:00:00,1.38,1062.0,5.69,769.0,106.0,849.0,77.0,1115.0,849.0,32.9,50.2,1.583
15/09/2025,23:00:00,1.37,940.0,3.85,786.0,103.0,857.0,46.0,-200.0,774.0,28.4,46.1,1.533
16/09/2025,00:00:00,0.62,875.0,1.29,690.0,71.0,936.0,41.0,1019.0,787.0,28.7,53.9,1.668
16/09/2025,01:00:00,0.54,862.0,2.64,665.0,43.0,852.0,43.0,1053.0,802.0,27.1,58.3,1.508
16/09/2025,02:00:00,0.64,766.0,2.57,775.0,62.0,998.0,48.0,992.0,782.0,23.8,57.7,1.262
16/09/2025,03:00:00,0.65,965.0,4.2,-200.0,43.0,923.0,40.0,1040.0,718.0,24.7,56.7,1.676
16/09/2025,04:00:00,0.6,1002.0,1.72,766.0,100.0,839.0,-200.0,1034.0,837.0,21.7,56.0,1.222
16/09/2025,05:00:00,0.76,872.0,3.53,-200.0,69.0,929.0,65.0,965.0,807.0,20.1,64.8,1.341
16/09/2025,06:00:00,1.51,1130.0,4.47,857.0,123.0,765.0,60.0,1028.0,889.0,21.4,65.0,1.306
16/09/2025,07:00:00,2.09,1189.0,7.86,930.0,143.0,768.0,89.0,1144.0,879.0,17.8,70.3,1.244
16/09/2025,08:00:00,2.79,1195.0,7.76,1043.0,168.0,725.0,99.0,1217.0,1049.0,20.5,67.5,1.348
16/09/2025,09:00:00,2.51,1287.0,10.26,997.0,222.0,679.0,132.0,1203.0,1039.0,19.9,77.0,1.343
16/09/2025,10:00:00,2.25,1218.0,8.36,885.0,176.0,713.0,105.0,1152.0,961.0,21.1,69.9,1.459
16/09/2025,11:00:00,2.02,1221.0,7.56,1007.0,116.0,771.0,-200.0,994.0,949.0,20.4,73.3,1.242
16/09/2025,12:00:00,1.09,1005.0,6.73,840.0,125.0,766.0,57.0,1201.0,970.0,19.0,64.6,1.321
16/09/2025,13:00:00,1.15,1114.0,2.85,807.0,76.0,871.0,41.0,1156.0,908.0,23.2,68.7,1.424
16/09/2025,14:00:00,1.13,1030.0,3.61,715.0,84.0,870.0,55.0,987.0,913.0,24.5,65.7,1.624
16/09/2025,15:00:00,1.24,913.0,-200.0,763.0,107.0,954.0,32.0,968.0,-200.0,25.3,56.6,1.457
16/09/2025,16:00:00,1.74,1159.0,5.64,924.0,123.0,894.0,84.0,1188.0,850.0,26.4,49.9,1.313
16/09/2025,17:00:00,1.64,1209.0,5.42,952.0,171.0,731.0,55.0,1039.0,965.0,24.3,61.3,1.523
16/09/2025,18:00:00,2.1,1252.0,9.25,1137.0,160.0,713.0,82.0,1287.0,1074.0,28.8,50.8,1.432
16/09/2025,19:00:00,2.35,1341.0,9.06,1099.0,224.0,665.0,112.0,1288.0,1033.0,26.5,48.1,1.343
16/09/2025,20:00:00,1.94,1316.0,8.57,979.0,180.0,707.0,94.0,1204.0,935.0,27.9,48.8,1.591
16/09/2025,21:00:00,1.93,1119.0,6.7,956.0,124.0,811.0,82.0,1249.0,936.0,27.8,45.3,1.468
16/09/2025,22:00:00,1.48,1108.0,1.55,931.0,66.0,816.0,55.0,1059.0,921.0,26.5,53.5,1.41
16/09/2025,23:00:00,1.09,951.0,4.8,779.0,81.0,837.0,50.0,1098.0,848.0,28.6,51.3,1.641
17/09/2025,00:00:00,0.64,949.0,3.71,736.0,44.0,930.0,48.0,985.0,842.0,27.5,53.2,1.399
17/09/2025,01:00:00,0.85,892.0,2.5,778.0,45.0,803.0,30.0,927.0,766.0,28.5,60.7,-200.0
17/09/2025,02:00:00,0.76,842.0,1.26,573.0,68.0,879.0,37.0,1124.0,789.0,27.1,57.9,1.492
17/09/2025,03:00:00,0.49,948.0,-200.0,747.0,98.0,964.0,42.0,964.0,824.0,24.3,67.9,1.16
17/09/2025,04:00:00,0.1,908.0,4.65,801.0,53.0,956.0,41.0,993.0,836.0,23.9,62.5,1.394
17/09/2025,05:00:00,0.86,986.0,3.66,725.0,89.0,927.0,60.0,1097.0,803.0,21.3,57.5,1.335
17/09/2025,06:00:00,1.32,1082.0,5.39,896.0,-200.0,760.0,69.0,1173.0,744.0,20.3,62.6,1.221
17/09/2025,07:00:00,1.8,1253.0,6.57,931.0,133.0,706.0,78.0,1086.0,774.0,19.9,65.0,1.295
17/09/2025,08:00:00,2.18,1235.0,8.79,923.0,166.0,695.0,74.0,1312.0,978.0,18.9,70.2,1.305
17/09/2025,09:00:00,2.27,1249.0,7.42,1093.0,233.0,701.0,114.0,1250.0,1010.0,19.3,77.6,1.282
17/09/2025,10:00:00,2.01,1360.0,8.17,1015.0,187.0,683.0,83.0,1220.0,969.0,20.2,70.6,1.385
17/09/2025,11:00:00,1.53,1165.0,8.29,928.0,149.0,683.0,101.0,1156.0,935.0,17.8,67.5,1.284
17/09/2025,12:00:00,1.43,1028.0,4.31,876.0,102.0,866.0,54.0,1099.0,968.0,19.9,-200.0,1.28
17/09/2025,13:00:00,1.26,1008.0,3.96,723.0,92.0,895.0,56.0,960.0,816.0,22.7,67.7,1.423
17/09/2025,14:00:00,0.56,940.0,5.17,795.0,68.0,840.0,57.0,1062.0,850.0,21.9,64.7,1.364
17/09/2025,15:00:00,0.97,970.0,5.19,725.0,129.0,892.0,51.0,1066.0,936.0,23.2,64.0,1.664
17/09/2025,16:00:00,1.52,1215.0,5.95,924.0,121.0,867.0,68.0,1078.0,823.0,26.8,53.9,1.539
17/09/2025,17:00:00,1.75,1106.0,7.44,995.0,156.0,-200.0,76.0,1178.0,1030.0,25.4,66.3,1.355
17/09/2025,18:00:00,2.4,1175.0,8.86,1100.0,189.0,752.0,117.0,1213.0,1034.0,28.2,51.2,1.292
17/09/2025,19:00:00,2.67,1374.0,-200.0,1076.0,226.0,697.0,102.0,1246.0,983.0,28.6,48.2,1.403
17/09/2025,20:00:00,2.32,1238.0,9.73,992.0,-200.0,-200.0,93.0,1251.0,841.0,30.2,56.3,1.299
17/09/2025,21:00:00,1.67,1184.0,6.41,892.0,143.0,819.0,83.0,1152.0,1009.0,28.9,54.5,1.545
17/09/2025,22:00:00,1.64,1096.0,4.17,795.0,118.0,825.0,77.0,1052.0,976.0,27.6,47.1,1.424
17/09/2025,23:00:00,0.88,872.0,2.49,758.0,103.0,782.0,56.0,1093.0,800.0,27.4,54.7,1.37
18/09/2025,00:00:00,0.53,969.0,2.26,662.0,84.0,920.0,42.0,936.0,901.0,30.0,50.8,1.56
18/09/2025,01:00:00,0.73,867.0,2.25,718.0,64.0,909.0,23.0,1063.0,707.0,25.7,57.1,1.377
18/09/2025,02:00:00,0.54,1016.0,2.18,658.0,65.0,926.0,54.0,981.0,-200.0,24.4,58.6,1.427
18/09/2025,03:00:00,0.59,862.0,1.73,674.0,83.0,798.0,46.0,1059.0,795.0,23.3,72.7,1.34
18/09/2025,04:00:00,0.64,1024.0,3.9,706.0,16.0,870.0,39.0,1105.0,742.0,22.3,69.5,1.354
18/09/2025,05:00:00,0.9,1081.0,3.01,724.0,89.0,813.0,55.0,1044.0,825.0,20.9,70.3,1.447
18/09/2025,06:00:00,1.36,1028.0,6.03,819.0,104.0,813.0,80.0,1151.0,-200.0,21.3,70.9,1.418
18/09/2025,07:00:00,1.3,1153.0,7.83,964.0,154.0,683.0,88.0,1203.0,867.0,19.8,62.4,1.44
18/09/2025,08:00:00,2.2,1242.0,11.5,967.0,193.0,664.0,118.0,1236.0,-200.0,18.3,70.6,1.3
18/09/2025,09:00:00,1.96,1391.0,8.45,984.0,225.0,777.0,110.0,1286.0,963.0,20.1,67.8,1.121
18/09/2025,10:00:00,2.12,1272.0,8.22,1006.0,159.0,778.0,71.0,1209.0,-200.0,19.6,69.4,1.223
18/09/2025,11:00:00,1.88,1197.0,6.08,869.0,138.0,816.0,95.0,1264.0,1012.0,21.7,69.1,1.172
18/09/2025,12:00:00,1.24,1052.0,4.0,914.0,98.0,893.0,43.0,1105.0,844.0,20.9,58.5,1.411
18/09/2025,13:00:00,1.16,1015.0,3.79,737.0,78.0,763.0,69.0,1010.0,-200.0,21.3,63.6,1.328
18/09/2025,14:00:00,0.96,993.0,2.98,756.0,54.0,867.0,60.0,1012.0,816.0,22.4,63.2,1.474
18/09/2025,15:00:00,0.45,950.0,2.87,800.0,133.0,869.0,73.0,1107.0,849.0,24.2,64.6,1.488
18/09/2025,16:00:00,1.62,1167.0,5.69,771.0,134.0,800.0,69.0,1045.0,867.0,25.8,53.5,1.404
18/09/2025,17:00:00,1.86,1153.0,5.69,886.0,137.0,-200.0,83.0,1279.0,980.0,26.5,51.0,1.605
18/09/2025,18:00:00,2.08,1323.0,9.09,981.0,187.0,764.0,109.0,1304.0,1002.0,26.9,48.6,1.533
18/09/2025,19:00:00,2.28,1224.0,10.03,1093.0,191.0,731.0,86.0,1176.0,967.0,29.3,49.7,1.494
18/09/2025,20:00:00,1.7,1302.0,7.37,1116.0,189.0,-200.0,95.0,1272.0,1019.0,29.5,44.7,1.533
18/09/2025,21:00:00,1.85,1228.0,8.65,1034.0,137.0,810.0,77.0,1107.0,958.0,29.0,56.6,1.622
18/09/2025,22:00:00,1.47,1074.0,5.85,908.0,85.0,827.0,59.0,1049.0,903.0,29.8,54.2,1.541
18/09/2025,23:00:00,0.77,1041.0,4.06,699.0,-200.0,893.0,45.0,-200.0,830.0,28.2,64.9,1.398
19/09/2025,00:00:00,0.37,858.0,0.87,652.0,88.0,854.0,42.0,956.0,816.0,27.6,50.3,1.333
19/09/2025,01:00:00,0.64,929.0,0.95,777.0,30.0,-200.0,49.0,1044.0,806.0,27.4,-200.0,1.422
19/09/2025,02:00:00,0.91,811.0,4.93,786.0,83.0,911.0,58.0,1017.0,785.0,26.5,51.3,1.362
19/09/2025,03:00:00,0.92,919.0,4.73,752.0,75.0,884.0,38.0,1031.0,-200.0,25.0,67.3,1.42
19/09/2025,04:00:00,0.94,883.0,5.37,771.0,63.0,751.0,40.0,1019.0,846.0,21.6,61.5,1.28
19/09/2025,05:00:00,1.45,972.0,6.38,743.0,102.0,870.0,18.0,1016.0,869.0,22.1,64.6,1.303
19/09/2025,06:00:00,1.54,1141.0,7.02,933.0,119.0,833.0,81.0,1067.0,913.0,-200.0,73.4,1.432
19/09/2025,07:00:00,2.08,1269.0,7.26,891.0,110.0,720.0,63.0,-200.0,809.0,20.3,74.7,1.471
19/09/2025,08:00:00,2.25,1184.0,-200.0,927.0,178.0,748.0,100.0,1205.0,1030.0,21.9,64.8,1.26
19/09/2025,09:00:00,2.31,1375.0,8.18,1094.0,192.0,712.0,104.0,1334.0,947.0,18.7,69.5,1.238
19/09/2025,10:00:00,2.51,1345.0,8.7,984.0,215.0,740.0,106.0,1187.0,1042.0,19.2,76.8,1.261
19/09/2025,11:00:00,1.55,1185.0,7.87,861.0,145.0,749.0,69.0,1168.0,858.0,18.8,66.8,1.308
19/09/2025,12:00:00,1.43,1142.0,6.32,889.0,112.0,734.0,71.0,1119.0,967.0,20.2,68.6,1.338
19/09/2025,13:00:00,0.84,961.0,4.14,675.0,67.0,773.0,72.0,1125.0,-200.0,20.5,67.7,1.259
19/09/2025,14:00:00,0.96,930.0,1.47,778.0,80.0,904.0,52.0,1096.0,848.0,21.1,69.6,1.373
19/09/2025,15:00:00,1.06,956.0,2.48,751.0,66.0,802.0,42.0,1072.0,823.0,21.1,63.3,1.275
19/09/2025,16:00:00,1.36,1103.0,5.98,928.0,138.0,780.0,46.0,1105.0,906.0,24.3,56.2,1.348
19/09/2025,17:00:00,1.79,1159.0,6.37,957.0,144.0,809.0,98.0,1111.0,1027.0,25.6,45.2,1.32
19/09/2025,18:00:00,2.36,1218.0,9.21,1075.0,162.0,613.0,89.0,1214.0,993.0,27.4,56.4,1.552
19/09/2025,19:00:00,2.57,1260.0,7.54,990.0,225.0,620.0,97.0,1386.0,1052.0,27.5,52.2,1.541
19/09/2025,20:00:00,1.87,-200.0,10.05,922.0,160.0,759.0,124.0,1168.0,1065.0,30.4,59.2,1.542
19/09/2025,21:00:00,1.78,1114.0,5.84,912.0,158.0,772.0,91.0,1132.0,898.0,29.3,52.9,1.553
19/09/2025,22:00:00,1.21,1098.0,7.14,872.0,86.0,721.0,77.0,1016.0,899.0,29.9,47.5,1.61
19/09/2025,23:00:00,0.99,1048.0,2.29,771.0,93.0,840.0,71.0,1003.0,914.0,29.8,45.1,1.571
20/09/2025,00:00:00,0.5,959.0,3.73,763.0,81.0,909.0,21.0,929.0,819.0,29.6,52.1,1.565
20/09/2025,01:00:00,0.92,1075.0,1.89,731.0,47.0,845.0,58.0,927.0,768.0,28.0,56.8,1.416
20/09/2025,02:00:00,0.59,927.0,3.03,644.0,37.0,826.0,60.0,1021.0,830.0,24.0,57.9,1.229
20/09/2025,03:00:00,0.89,1011.0,4.44,734.0,40.0,811.0,36.0,1050.0,811.0,25.3,53.7,1.327
20/09/2025,04:00:00,0.5,941.0,4.54,736.0,69.0,927.0,54.0,-200.0,843.0,23.2,48.7,1.583
20/09/2025,05:00:00,0.87,960.0,3.16,837.0,125.0,914.0,63.0,987.0,809.0,23.5,60.2,1.347
20/09/2025,06:00:00,1.16,1065.0,4.63,787.0,137.0,859.0,55.0,998.0,892.0,20.5,54.9,1.47
20/09/2025,07:00:00,1.89,1175.0,5.08,895.0,176.0,829.0,91.0,1043.0,925.0,21.4,63.8,1.382
20/09/2025,08:00:00,1.93,1253.0,6.26,1037.0,165.0,784.0,86.0,1152.0,953.0,19.3,70.9,1.283
20/09/2025,09:00:00,1.97,1235.0,-200.0,1128.0,222.0,624.0,131.0,1188.0,1072.0,19.2,77.2,1.194
20/09/2025,10:00:00,2.07,1202.0,7.39,1005.0,206.0,770.0,96.0,1198.0,952.0,20.2,57.4,1.233
20/09/2025,11:00:00,1.93,1233.0,-200.0,965.0,159.0,773.0,87.0,1181.0,891.0,19.2,63.5,1.271
20/09/2025,12:00:00,1.12,1110.0,5.16,842.0,104.0,915.0,45.0,1077.0,815.0,21.3,-200.0,1.312
20/09/2025,13:00:00,1.05,1093.0,4.26,773.0,110.0,1026.0,58.0,1149.0,840.0,19.2,62.7,1.339
20/09/2025,14:00:00,0.71,937.0,3.89,816.0,68.0,860.0,64.0,1176.0,822.0,23.4,63.4,1.301
20/09/2025,15:00:00,0.55,-200.0,3.34,-200.0,103.0,842.0,42.0,1048.0,883.0,22.1,61.9,1.278
20/09/2025,16:00:00,1.53,991.0,4.71,816.0,109.0,801.0,58.0,985.0,812.0,26.1,55.4,1.51
20/09/2025,17:00:00,1.96,1229.0,-200.0,904.0,133.0,771.0,71.0,1134.0,840.0,21.8,-200.0,-200.0
20/09/2025,18:00:00,2.21,1207.0,9.39,999.0,178.0,731.0,80.0,1210.0,878.0,24.8,65.1,1.405
20/09/2025,19:00:00,2.41,1298.0,8.19,1012.0,-200.0,832.0,84.0,1291.0,1025.0,28.4,46.0,1.513
20/09/2025,20:00:00,2.17,1280.0,6.4,1003.0,163.0,727.0,106.0,1145.0,1037.0,28.9,55.0,1.464
20/09/2025,21:00:00,1.53,1071.0,6.58,935.0,172.0,746.0,65.0,1068.0,-200.0,28.6,60.5,1.466
20/09/2025,22:00:00,1.64,1104.0,4.84,854.0,132.0,822.0,42.0,1114.0,851.0,29.9,57.6,1.477
20/09/2025,23:00:00,0.92,1037.0,2.21,713.0,83.0,820.0,45.0,1015.0,-200.0,29.7,47.9,1.46
21/09/2025,00:00:00,0.69,917.0,2.52,677.0,49.0,816.0,41.0,966.0,676.0,-200.0,51.3,1.582
21/09/2025,01:00:00,0.48,895.0,1.95,680.0,35.0,892.0,47.0,948.0,889.0,26.6,46.3,-200.0
21/09/2025,02:00:00,0.72,901.0,2.94,660.0,87.0,1015.0,30.0,977.0,865.0,26.8,54.6,1.413
21/09/2025,03:00:00,0.93,994.0,3.65,677.0,40.0,940.0,34.0,1018.0,855.0,22.8,57.3,1.298
21/09/2025,04:00:00,0.78,933.0,2.81,776.0,15.0,861.0,51.0,875.0,766.0,21.9,64.9,1.29
21/09/2025,05:00:00,1.03,975.0,4.76,842.0,93.0,879.0,62.0,1049.0,818.0,20.3,59.3,1.371
21/09/2025,06:00:00,1.53,1017.0,-200.0,821.0,88.0,947.0,79.0,1140.0,868.0,20.3,67.4,1.226
21/09/2025,07:00:00,1.97,997.0,6.65,892.0,150.0,778.0,85.0,1192.0,1026.0,20.0,69.7,1.198
21/09/2025,08:00:00,2.48,1327.0,8.04,1011.0,159.0,675.0,74.0,1352.0,1035.0,20.7,67.3,1.343
21/09/2025,09:00:00,2.48,1300.0,8.77,1055.0,188.0,703.0,89.0,1224.0,990.0,19.5,74.2,1.284
21/09/2025,10:00:00,2.3,-200.0,6.76,1054.0,188.0,752.0,109.0,1220.0,1013.0,21.2,67.4,1.31
21/09/2025,11:00:00,1.85,1292.0,4.78,910.0,-200.0,788.0,101.0,1242.0,882.0,21.7,70.3,1.417
21/09/2025,12:00:00,1.54,-200.0,6.75,811.0,143.0,892.0,-200.0,1103.0,804.0,20.5,60.6,1.305
21/09/2025,13:00:00,0.88,974.0,4.55,910.0,90.0,862.0,51.0,1144.0,839.0,21.3,61.1,1.261
21/09/2025,14:00:00,1.0,1022.0,3.26,682.0,83.0,753.0,-200.0,1087.0,768.0,20.4,67.4,1.325
21/09/2025,15:00:00,1.56,1008.0,5.57,825.0,85.0,880.0,70.0,1063.0,750.0,23.2,51.6,1.298
21/09/2025,16:00:00,1.41,1081.0,8.84,922.0,135.0,840.0,51.0,1100.0,882.0,24.1,61.2,1.47
21/09/2025,17:00:00,1.49,1129.0,5.18,918.0,130.0,784.0,103.0,1152.0,-200.0,25.4,53.4,1.409
21/09/2025,18:00:00,2.15,-200.0,8.37,1040.0,178.0,-200.0,93.0,1223.0,925.0,26.9,42.8,1.335
21/09/2025,19:00:00,2.56,1356.0,9.8,958.0,200.0,800.0,90.0,-200.0,978.0,29.1,49.1,1.498
21/09/2025,20:00:00,2.06,1225.0,6.45,1017.0,168.0,665.0,73.0,1266.0,1001.0,29.3,54.0,1.406
21/09/2025,21:00:00,1.55,1051.0,5.14,995.0,181.0,719.0,76.0,1280.0,920.0,30.5,61.5,1.612
21/09/2025,22:00:00,0.97,1115.0,6.51,845.0,122.0,810.0,62.0,990.0,887.0,29.4,59.7,1.478
21/09/2025,23:00:00,0.89,1014.0,4.08,769.0,62.0,928.0,48.0,1119.0,829.0,27.4,46.7,1.512
22/09/2025,00:00:00,1.0,951.0,2.17,795.0,68.0,968.0,40.0,1015.0,895.0,28.7,56.9,1.412
22/09/2025,01:00:00,0.47,903.0,-200.0,746.0,86.0,932.0,57.0,1063.0,873.0,24.4,52.8,1.37
22/09/2025,02:00:00,0.83,960.0,3.43,-200.0,46.0,943.0,48.0,966.0,808.0,26.8,54.4,1.477
22/09/2025,03:00:00,0.57,871.0,1.46,664.0,91.0,830.0,44.0,995.0,760.0,22.9,65.0,1.341
22/09/2025,04:00:00,0.64,919.0,2.23,592.0,-200.0,800.0,58.0,1095.0,784.0,19.3,63.7,1.196
22/09/2025,05:00:00,1.07,914.0,3.0,788.0,91.0,843.0,40.0,1045.0,767.0,22.3,66.2,1.418
22/09/2025,06:00:00,0.93,1127.0,4.96,838.0,139.0,865.0,72.0,1148.0,835.0,20.0,58.7,1.328
22/09/2025,07:00:00,2.21,1162.0,5.65,973.0,157.0,813.0,88.0,1130.0,969.0,21.4,63.8,1.221
22/09/2025,08:00:00,2.36,1275.0,7.27,1023.0,194.0,676.0,112.0,1214.0,-200.0,20.6,65.2,1.276
22/09/2025,09:00:00,2.66,1326.0,10.13,1052.0,202.0,651.0,84.0,1281.0,990.0,17.5,72.6,1.168
22/09/2025,10:00:00,2.16,-200.0,8.61,1017.0,151.0,778.0,84.0,1250.0,1045.0,21.5,73.3,1.281
22/09/2025,11:00:00,1.92,1214.0,7.0,871.0,161.0,777.0,70.0,1215.0,963.0,16.8,77.3,1.192
22/09/2025,12:00:00,1.55,1160.0,5.93,739.0,-200.0,716.0,70.0,1080.0,-200.0,21.2,62.4,1.299
22/09/2025,13:00:00,0.97,1045.0,3.02,727.0,83.0,801.0,56.0,1054.0,837.0,23.6,73.8,1.231
22/09/2025,14:00:00,0.65,857.0,-200.0,692.0,30.0,894.0,56.0,1096.0,819.0,21.2,61.3,1.282
22/09/2025,15:00:00,0.75,993.0,4.81,773.0,103.0,798.0,28.0,1140.0,894.0,-200.0,60.4,1.54
22/09/2025,16:00:00,1.22,1070.0,4.18,751.0,99.0,771.0,82.0,1050.0,897.0,25.5,56.8,1.583
22/09/2025,17:00:00,1.85,1240.0,7.69,906.0,130.0,720.0,83.0,1237.0,918.0,27.1,56.3,1.327
22/09/2025,18:00:00,2.18,1228.0,8.7,1122.0,162.0,763.0,101.0,1179.0,910.0,29.3,56.4,1.594
22/09/2025,19:00:00,2.28,1238.0,9.31,1046.0,161.0,700.0,104.0,1262.0,1027.0,29.0,56.5,1.703
22/09/2025,20:00:00,2.39,1311.0,10.41,1018.0,195.0,803.0,87.0,1242.0,999.0,26.8,49.1,1.417
22/09/2025,21:00:00,1.68,1163.0,7.12,932.0,200.0,-200.0,86.0,1136.0,845.0,24.2,50.4,1.435
22/09/2025,22:00:00,1.16,1020.0,4.26,850.0,-200.0,811.0,65.0,1088.0,-200.0,27.4,45.8,1.549
22/09/2025,23:00:00,1.18,961.0,4.31,738.0,103.0,878.0,52.0,942.0,857.0,27.0,54.7,1.396
23/09/2025,00:00:00,0.74,815.0,3.02,691.0,58.0,869.0,46.0,1044.0,786.0,26.1,54.3,1.517
23/09/2025,01:00:00,0.3,911.0,1.68,671.0,66.0,820.0,39.0,984.0,900.0,25.6,51.1,1.392
23/09/2025,02:00:00,0.28,884.0,0.61,620.0,60.0,881.0,24.0,999.0,885.0,21.0,51.2,1.416
23/09/2025,03:00:00,0.37,942.0,3.07,773.0,79.0,858.0,39.0,972.0,735.0,22.2,60.8,1.496
23/09/2025,04:00:00,0.73,918.0,4.59,678.0,46.0,879.0,64.0,1063.0,801.0,23.5,69.1,1.496
23/09/2025,05:00:00,1.24,979.0,5.29,855.0,89.0,832.0,45.0,1059.0,892.0,23.1,72.9,1.33
23/09/2025,06:00:00,1.67,1031.0,5.71,796.0,138.0,844.0,65.0,1030.0,874.0,19.4,60.6,1.347
23/09/2025,07:00:00,1.98,1149.0,8.85,857.0,167.0,750.0,90.0,1159.0,973.0,20.7,73.3,1.267
23/09/2025,08:00:00,2.7,1193.0,8.62,1122.0,-200.0,639.0,120.0,1163.0,945.0,15.3,73.6,1.092
23/09/2025,09:00:00,2.45,1362.0,8.76,969.0,202.0,669.0,97.0,1251.0,914.0,19.4,-200.0,1.266
23/09/2025,10:00:00,2.5,1258.0,8.66,891.0,179.0,659.0,79.0,1266.0,1019.0,20.9,72.0,1.401
23/09/2025,11:00:00,1.65,-200.0,6.1,852.0,146.0,864.0,88.0,1177.0,-200.0,20.4,67.0,1.282
23/09/2025,12:00:00,0.93,965.0,3.89,833.0,85.0,-200.0,54.0,1126.0,1022.0,20.4,-200.0,1.454
23/09/2025,13:00:00,0.91,1049.0,3.12,702.0,100.0,890.0,56.0,1117.0,895.0,17.7,52.1,1.261
23/09/2025,14:00:00,0.84,958.0,3.33,722.0,108.0,865.0,56.0,989.0,772.0,25.5,57.6,1.304
23/09/2025,15:00:00,1.63,985.0,5.33,664.0,96.0,949.0,47.0,1028.0,880.0,26.9,55.7,1.411
23/09/2025,16:00:00,1.32,1060.0,3.67,900.0,116.0,757.0,61.0,992.0,876.0,26.3,54.0,1.363
23/09/2025,17:00:00,1.54,1194.0,5.81,955.0,165.0,728.0,90.0,1143.0,961.0,28.5,47.4,1.602
23/09/2025,18:00:00,2.46,1353.0,9.38,946.0,144.0,775.0,107.0,1189.0,941.0,27.5,50.1,1.501
23/09/2025,19:00:00,2.21,1327.0,8.57,923.0,190.0,674.0,101.0,1289.0,1017.0,29.5,48.6,1.483
23/09/2025,20:00:00,2.26,1279.0,8.17,966.0,185.0,682.0,96.0,1253.0,1039.0,30.1,49.0,1.576
23/09/2025,21:00:00,2.01,1130.0,6.52,967.0,118.0,740.0,66.0,1255.0,978.0,28.9,51.4,1.401
23/09/2025,22:00:00,1.08,965.0,-200.0,897.0,118.0,918.0,65.0,1069.0,939.0,27.6,44.1,1.338
23/09/2025,23:00:00,-200.0,1005.0,4.82,754.0,50.0,964.0,47.0,1072.0,1010.0,29.6,49.1,1.367
24/09/2025,00:00:00,0.88,933.0,3.3,673.0,74.0,920.0,41.0,1044.0,774.0,30.4,52.5,1.324
24/09/2025,01:00:00,0.69,967.0,3.25,669.0,65.0,910.0,57.0,1138.0,900.0,28.4,45.7,1.361
24/09/2025,02:00:00,1.05,1005.0,3.53,719.0,57.0,938.0,27.0,1028.0,818.0,25.8,57.0,1.473
24/09/2025,03:00:00,0.55,840.0,5.36,757.0,79.0,915.0,56.0,1003.0,784.0,24.4,61.2,1.461
24/09/2025,04:00:00,0.93,893.0,3.0,719.0,74.0,894.0,47.0,1026.0,815.0,23.2,66.4,1.277
24/09/2025,05:00:00,1.01,1017.0,4.35,746.0,96.0,839.0,51.0,1076.0,888.0,18.1,58.4,1.061
24/09/2025,06:00:00,1.15,-200.0,5.4,881.0,121.0,790.0,53.0,1181.0,859.0,20.3,66.3,1.266
24/09/2025,07:00:00,1.64,1251.0,8.05,1014.0,135.0,793.0,83.0,1140.0,825.0,19.3,74.9,1.337
24/09/2025,08:00:00,2.73,1249.0,10.46,1000.0,218.0,727.0,-200.0,1183.0,1027.0,17.4,61.0,1.331
24/09/2025,09:00:00,2.66,1420.0,8.29,1055.0,225.0,773.0,-200.0,1407.0,1013.0,20.6,70.0,1.336
24/09/2025,10:00:00,2.45,1264.0,8.96,974.0,195.0,707.0,71.0,1158.0,952.0,19.6,62.0,1.191
24/09/2025,11:00:00,1.64,1263.0,7.19,936.0,156.0,721.0,78.0,1217.0,863.0,15.7,66.5,1.288
24/09/2025,12:00:00,1.5,916.0,3.73,789.0,131.0,747.0,68.0,1125.0,903.0,20.8,63.0,1.356
24/09/2025,13:00:00,0.9,1015.0,5.46,854.0,115.0,818.0,64.0,1073.0,914.0,23.4,66.9,1.442
24/09/2025,14:00:00,1.3,962.0,5.78,802.0,119.0,798.0,54.0,964.0,781.0,-200.0,61.1,1.247
24/09/2025,15:00:00,1.29,861.0,5.28,871.0,-200.0,914.0,33.0,1216.0,859.0,22.5,53.6,1.401
24/09/2025,16:00:00,1.55,1059.0,4.65,810.0,137.0,799.0,71.0,1111.0,-200.0,23.4,65.0,1.454
24/09/2025,17:00:00,2.0,1091.0,5.35,1046.0,151.0,729.0,78.0,1135.0,-200.0,26.6,55.9,-200.0
24/09/2025,18:00:00,2.2,1230.0,9.18,1029.0,154.0,744.0,105.0,1146.0,981.0,26.4,-200.0,1.367
24/09/2025,19:00:00,2.52,1318.0,7.7,1043.0,217.0,797.0,91.0,-200.0,-200.0,26.1,45.9,1.27
24/09/2025,20:00:00,2.61,1253.0,7.24,1085.0,216.0,698.0,76.0,1268.0,-200.0,31.3,-200.0,1.444
24/09/2025,21:00:00,1.91,1186.0,7.22,875.0,172.0,711.0,74.0,1115.0,-200.0,29.3,55.0,1.476
24/09/2025,22:00:00,1.1,1067.0,6.25,840.0,112.0,801.0,70.0,1083.0,857.0,28.0,46.6,1.316
24/09/2025,23:00:00,1.26,1118.0,3.75,758.0,95.0,769.0,56.0,1012.0,824.0,30.8,51.3,1.628
25/09/2025,00:00:00,0.43,916.0,2.75,723.0,74.0,926.0,40.0,1032.0,794.0,-200.0,52.6,1.572
25/09/2025,01:00:00,0.6,907.0,2.87,676.0,72.0,929.0,33.0,1024.0,713.0,26.3,43.2,1.413
25/09/2025,02:00:00,0.49,928.0,1.94,673.0,85.0,877.0,39.0,1047.0,794.0,25.6,57.1,1.347
25/09/2025,03:00:00,0.1,908.0,2.69,688.0,82.0,839.0,59.0,1053.0,955.0,23.2,57.9,1.36
25/09/2025,04:00:00,0.78,835.0,1.51,710.0,59.0,1005.0,75.0,976.0,741.0,22.5,61.8,1.496
25/09/2025,05:00:00,1.49,1018.0,5.03,771.0,87.0,800.0,57.0,967.0,925.0,22.4,61.4,1.41
25/09/2025,06:00:00,1.39,1135.0,-200.0,909.0,105.0,-200.0,76.0,1090.0,939.0,23.0,60.6,1.18
25/09/2025,07:00:00,2.53,1258.0,7.04,813.0,156.0,769.0,71.0,1196.0,971.0,18.8,64.6,1.052
25/09/2025,08:00:00,2.19,-200.0,9.84,1058.0,149.0,763.0,110.0,1232.0,954.0,20.1,67.0,1.212
25/09/2025,09:00:00,2.46,1284.0,8.69,1024.0,239.0,692.0,96.0,1138.0,1054.0,16.8,73.0,1.231
25/09/2025,10:00:00,2.2,1277.0,6.8,1006.0,171.0,721.0,79.0,1229.0,1085.0,19.9,66.9,1.128
25/09/2025,11:00:00,1.81,1272.0,9.68,872.0,143.0,-200.0,94.0,1106.0,996.0,22.4,69.2,1.327
25/09/2025,12:00:00,1.41,1047.0,4.39,843.0,118.0,980.0,65.0,1102.0,899.0,20.5,68.1,-200.0
25/09/2025,13:00:00,1.37,915.0,5.43,754.0,63.0,-200.0,70.0,1112.0,849.0,20.6,62.3,1.313
25/09/2025,14:00:00,0.66,1093.0,4.17,741.0,74.0,844.0,59.0,888.0,800.0,21.9,67.4,1.36
25/09/2025,15:00:00,0.99,925.0,5.72,808.0,94.0,851.0,37.0,-200.0,854.0,24.7,58.1,1.565
25/09/2025,16:00:00,1.48,966.0,5.33,875.0,149.0,-200.0,66.0,1037.0,915.0,25.4,54.6,1.394
25/09/2025,17:00:00,2.11,1184.0,5.58,1010.0,156.0,894.0,69.0,1225.0,940.0,25.9,60.5,1.382
25/09/2025,18:00:00,1.68,1285.0,7.61,983.0,178.0,714.0,109.0,1276.0,982.0,28.5,53.6,1.604
25/09/2025,19:00:00,2.05,1327.0,11.82,1088.0,177.0,728.0,101.0,1232.0,1002.0,27.0,-200.0,1.506
25/09/2025,20:00:00,2.23,1313.0,8.79,1050.0,229.0,612.0,86.0,1253.0,1087.0,30.1,37.0,1.507
25/09/2025,21:00:00,2.07,1155.0,9.58,936.0,154.0,771.0,55.0,1123.0,948.0,28.5,58.0,1.44
25/09/2025,22:00:00,1.19,1049.0,4.93,931.0,117.0,820.0,78.0,995.0,896.0,29.8,50.8,1.666
25/09/2025,23:00:00,1.11,942.0,5.01,732.0,59.0,913.0,47.0,1116.0,-200.0,29.6,50.5,1.419
26/09/2025,00:00:00,1.09,908.0,1.46,708.0,71.0,874.0,37.0,959.0,859.0,24.6,41.8,1.245
26/09/2025,01:00:00,0.61,933.0,3.04,717.0,48.0,839.0,46.0,1108.0,838.0,26.4,54.3,1.409
26/09/2025,02:00:00,0.55,957.0,5.71,636.0,90.0,910.0,30.0,-200.0,837.0,23.0,52.1,1.328
26/09/2025,03:00:00,0.76,856.0,2.2,778.0,73.0,817.0,23.0,955.0,844.0,21.4,58.4,1.449
26/09/2025,04:00:00,0.78,855.0,2.62,721.0,73.0,845.0,47.0,1054.0,769.0,22.4,58.9,-200.0
26/09/2025,05:00:00,1.01,1030.0,5.14,791.0,60.0,864.0,40.0,1080.0,828.0,22.0,63.6,1.431
26/09/2025,06:00:00,1.27,1026.0,-200.0,925.0,113.0,701.0,63.0,1202.0,-200.0,18.1,68.0,1.007
26/09/2025,07:00:00,1.73,1105.0,9.24,943.0,148.0,755.0,69.0,1136.0,-200.0,20.1,70.5,1.268
26/09/2025,08:00:00,1.97,1150.0,8.12,1018.0,189.0,799.0,-200.0,1212.0,912.0,17.9,69.3,-200.0
26/09/2025,09:00:00,2.55,1384.0,9.08,1054.0,161.0,619.0,80.0,1276.0,925.0,19.1,70.5,1.174
26/09/2025,10:00:00,1.96,1277.0,8.79,960.0,168.0,685.0,95.0,1227.0,976.0,23.0,60.7,1.331
26/09/2025,11:00:00,1.59,1198.0,5.69,911.0,143.0,797.0,93.0,1082.0,1026.0,19.2,68.2,1.368
26/09/2025,12:00:00,1.02,1087.0,3.85,832.0,-200.0,861.0,76.0,1161.0,901.0,18.8,68.1,1.225
26/09/2025,13:00:00,0.91,999.0,2.63,-200.0,52.0,860.0,53.0,1150.0,909.0,21.5,-200.0,1.408
26/09/2025,14:00:00,0.88,959.0,0.1,829.0,109.0,860.0,66.0,1047.0,726.0,22.4,70.0,1.288
26/09/2025,15:00:00,0.71,982.0,4.19,827.0,115.0,940.0,47.0,978.0,803.0,23.5,58.7,1.366
26/09/2025,16:00:00,1.26,1002.0,3.85,808.0,96.0,830.0,74.0,1093.0,848.0,25.3,50.8,1.474
26/09/2025,17:00:00,1.83,1059.0,6.33,931.0,202.0,715.0,74.0,1111.0,1026.0,26.2,55.0,1.315
26/09/2025,18:00:00,1.83,1396.0,9.64,1093.0,191.0,726.0,85.0,1210.0,994.0,25.7,50.1,1.332
26/09/2025,19:00:00,-200.0,-200.0,7.87,955.0,198.0,693.0,110.0,1261.0,1003.0,29.6,42.7,1.583
26/09/2025,20:00:00,2.67,1234.0,9.24,1003.0,198.0,698.0,99.0,1265.0,997.0,30.8,48.8,1.437
26/09/2025,21:00:00,1.61,1117.0,5.07,860.0,161.0,684.0,87.0,1250.0,925.0,28.4,57.4,1.481
26/09/2025,22:00:00,1.49,1121.0,4.55,973.0,118.0,821.0,46.0,1136.0,994.0,29.4,48.5,1.584
26/09/2025,23:00:00,0.82,985.0,6.24,809.0,65.0,891.0,64.0,984.0,951.0,25.3,56.8,1.414
27/09/2025,00:00:00,0.65,848.0,2.49,673.0,51.0,937.0,48.0,1041.0,867.0,27.5,56.5,1.477
27/09/2025,01:00:00,0.4,882.0,4.55,699.0,67.0,900.0,35.0,983.0,861.0,29.4,66.8,1.643
27/09/2025,02:00:00,0.14,921.0,5.86,657.0,78.0,901.0,47.0,991.0,779.0,26.5,59.7,1.66
27/09/2025,03:00:00,0.53,887.0,2.64,818.0,92.0,867.0,55.0,1005.0,836.0,24.2,60.4,1.398
27/09/2025,04:00:00,0.85,979.0,2.65,600.0,61.0,933.0,36.0,1027.0,711.0,22.6,63.0,1.31
27/09/2025,05:00:00,1.11,1104.0,1.56,785.0,88.0,802.0,43.0,1109.0,820.0,21.1,66.4,1.404
27/09/2025,06:00:00,1.35,1033.0,5.72,834.0,102.0,795.0,60.0,1128.0,799.0,21.1,65.8,1.244
27/09/2025,07:00:00,1.6,1148.0,7.42,875.0,174.0,727.0,53.0,1094.0,966.0,21.2,66.1,1.456
27/09/2025,08:00:00,2.45,1211.0,9.34,1002.0,180.0,714.0,98.0,1135.0,981.0,-200.0,72.0,1.214
27/09/2025,09:00:00,2.22,1291.0,10.67,961.0,188.0,766.0,111.0,1289.0,1048.0,20.1,66.8,-200.0
27/09/2025,10:00:00,2.06,1143.0,7.18,1102.0,188.0,660.0,101.0,1258.0,1022.0,18.0,60.3,1.157
27/09/2025,11:00:00,1.55,1231.0,9.22,933.0,119.0,781.0,86.0,1241.0,1000.0,19.0,62.1,1.195
27/09/2025,12:00:00,1.22,980.0,5.07,891.0,127.0,835.0,76.0,1094.0,844.0,18.8,75.3,1.394
27/09/2025,13:00:00,0.91,938.0,4.73,749.0,84.0,809.0,52.0,1071.0,750.0,21.7,63.4,-200.0
27/09/2025,14:00:00,0.95,965.0,3.83,-200.0,137.0,860.0,30.0,1066.0,943.0,22.8,66.4,1.351
27/09/2025,15:00:00,0.65,1069.0,3.37,777.0,78.0,812.0,54.0,961.0,819.0,24.6,56.5,1.597
27/09/2025,16:00:00,1.21,-200.0,3.97,899.0,111.0,825.0,-200.0,1004.0,-200.0,25.8,61.9,1.427
27/09/2025,17:00:00,1.59,1154.0,7.23,963.0,173.0,762.0,84.0,1210.0,997.0,27.6,57.0,1.45
27/09/2025,18:00:00,2.33,1278.0,7.26,1014.0,202.0,795.0,90.0,1248.0,970.0,30.7,62.9,1.402
27/09/2025,19:00:00,2.48,1260.0,8.74,1105.0,221.0,662.0,109.0,1331.0,943.0,29.4,57.9,1.408
27/09/2025,20:00:00,1.97,-200.0,7.92,1246.0,181.0,711.0,99.0,1336.0,1103.0,25.9,54.0,1.324
27/09/2025,21:00:00,1.91,1069.0,6.53,869.0,130.0,749.0,77.0,1147.0,-200.0,28.6,47.1,1.404
27/09/2025,22:00:00,1.3,1026.0,3.21,831.0,-200.0,889.0,65.0,1078.0,986.0,28.8,44.5,1.429
27/09/2025,23:00:00,1.14,1050.0,0.35,696.0,97.0,837.0,48.0,966.0,864.0,26.0,50.6,1.391
28/09/2025,00:00:00,0.44,949.0,4.01,723.0,65.0,855.0,47.0,1031.0,861.0,-200.0,53.0,1.546
28/09/2025,01:00:00,0.75,874.0,4.36,713.0,76.0,861.0,29.0,877.0,861.0,29.2,-200.0,1.481
28/09/2025,02:00:00,0.83,842.0,0.1,809.0,35.0,859.0,44.0,943.0,785.0,24.0,60.9,1.559
28/09/2025,03:00:00,0.66,897.0,3.65,694.0,54.0,866.0,52.0,1025.0,844.0,25.9,60.4,1.481
28/09/2025,04:00:00,1.26,842.0,3.71,779.0,50.0,842.0,47.0,979.0,930.0,24.3,-200.0,1.316
28/09/2025,05:00:00,1.07,965.0,2.56,653.0,90.0,862.0,54.0,1045.0,917.0,21.9,72.6,1.383
28/09/2025,06:00:00,1.75,1033.0,6.45,846.0,88.0,756.0,65.0,1086.0,949.0,21.7,67.6,1.349
28/09/2025,07:00:00,2.42,1138.0,8.33,884.0,166.0,-200.0,86.0,1099.0,976.0,18.5,61.9,1.41
28/09/2025,08:00:00,1.81,1252.0,9.68,1048.0,210.0,722.0,90.0,1102.0,981.0,20.9,74.8,1.4
28/09/2025,09:00:00,2.69,1332.0,11.09,1113.0,223.0,-200.0,98.0,1292.0,959.0,20.9,71.0,1.325
28/09/2025,10:00:00,2.35,1199.0,9.61,983.0,195.0,743.0,83.0,1215.0,1075.0,19.9,68.3,-200.0
28/09/2025,11:00:00,1.85,1223.0,5.98,962.0,157.0,786.0,77.0,1186.0,908.0,20.1,63.9,1.358
28/09/2025,12:00:00,1.16,1128.0,5.43,821.0,108.0,920.0,40.0,1097.0,860.0,19.3,73.4,1.346
28/09/2025,13:00:00,0.77,1118.0,4.76,778.0,99.0,-200.0,53.0,1049.0,851.0,22.9,73.5,1.509
28/09/2025,14:00:00,0.61,978.0,5.73,776.0,79.0,859.0,56.0,1048.0,756.0,22.7,59.2,-200.0
28/09/2025,15:00:00,1.54,1075.0,3.99,720.0,53.0,813.0,52.0,1042.0,829.0,23.8,61.5,-200.0
28/09/2025,16:00:00,1.44,1119.0,4.65,785.0,104.0,892.0,-200.0,1080.0,845.0,26.7,59.6,1.426
28/09/2025,17:00:00,1.45,1177.0,4.99,980.0,169.0,717.0,96.0,1105.0,860.0,26.1,46.3,1.219
28/09/2025,18:00:00,1.96,1188.0,9.46,978.0,164.0,663.0,94.0,1374.0,918.0,26.5,52.7,1.245
28/09/2025,19:00:00,1.89,1354.0,9.25,1120.0,177.0,643.0,88.0,1310.0,1005.0,30.0,42.6,1.487
28/09/2025,20:00:00,2.52,1275.0,7.37,918.0,182.0,682.0,107.0,1315.0,-200.0,26.6,50.2,1.376
28/09/2025,21:00:00,1.8,-200.0,7.89,983.0,109.0,770.0,90.0,1242.0,933.0,-200.0,61.3,1.504
28/09/2025,22:00:00,1.44,1102.0,4.96,839.0,130.0,808.0,69.0,1082.0,825.0,27.0,43.1,1.541
28/09/2025,23:00:00,0.95,1040.0,2.56,762.0,100.0,888.0,45.0,1037.0,808.0,25.6,60.7,1.335
29/09/2025,00:00:00,0.84,865.0,4.6,708.0,79.0,845.0,45.0,1000.0,825.0,28.5,61.8,1.313
29/09/2025,01:00:00,0.5,915.0,0.53,621.0,65.0,856.0,36.0,978.0,869.0,27.0,55.0,1.31
29/09/2025,02:00:00,0.69,787.0,3.21,764.0,44.0,906.0,32.0,1054.0,860.0,24.3,60.0,1.289
29/09/2025,03:00:00,0.71,943.0,3.01,685.0,39.0,847.0,46.0,957.0,824.0,22.3,58.6,-200.0
29/09/2025,04:00:00,0.45,1003.0,1.49,681.0,82.0,817.0,33.0,955.0,904.0,23.2,60.4,1.369
29/09/2025,05:00:00,0.76,1060.0,4.54,886.0,101.0,785.0,61.0,970.0,815.0,20.8,66.0,1.47
29/09/2025,06:00:00,-200.0,1037.0,4.54,819.0,93.0,819.0,67.0,1079.0,820.0,21.7,63.2,1.395
29/09/2025,07:00:00,1.87,1056.0,8.99,884.0,128.0,764.0,78.0,1137.0,923.0,18.8,71.0,1.345
29/09/2025,08:00:00,2.57,1228.0,9.62,1060.0,186.0,714.0,94.0,1188.0,1056.0,18.5,69.9,1.293
29/09/2025,09:00:00,2.43,1295.0,9.27,1065.0,203.0,761.0,87.0,1255.0,1045.0,20.7,64.7,1.189
29/09/2025,10:00:00,2.2,1285.0,5.42,-200.0,-200.0,735.0,82.0,1156.0,1046.0,17.6,73.2,1.477
29/09/2025,11:00:00,1.87,1043.0,6.31,937.0,166.0,767.0,101.0,-200.0,934.0,17.5,72.3,1.218
29/09/2025,12:00:00,1.28,1054.0,4.65,893.0,115.0,887.0,62.0,1034.0,894.0,19.1,72.7,1.359
29/09/2025,13:00:00,0.98,924.0,5.75,888.0,111.0,906.0,36.0,984.0,838.0,21.9,62.6,1.113
29/09/2025,14:00:00,1.25,-200.0,4.12,711.0,74.0,833.0,-200.0,999.0,789.0,25.6,-200.0,1.403
29/09/2025,15:00:00,0.93,846.0,4.67,750.0,84.0,899.0,41.0,1046.0,851.0,24.2,70.8,1.367
29/09/2025,16:00:00,1.39,1121.0,6.63,752.0,133.0,908.0,71.0,1152.0,874.0,24.0,57.6,1.353
29/09/2025,17:00:00,1.63,1156.0,8.93,953.0,172.0,-200.0,97.0,1161.0,912.0,25.3,55.6,1.265
29/09/2025,18:00:00,2.54,-200.0,10.16,1023.0,206.0,768.0,92.0,1129.0,1020.0,28.2,56.3,1.483
29/09/2025,19:00:00,2.17,1401.0,9.66,1119.0,196.0,719.0,114.0,1279.0,1014.0,25.7,40.5,1.537
29/09/2025,20:00:00,2.21,1342.0,8.08,1014.0,188.0,734.0,103.0,1254.0,1061.0,26.0,43.5,1.63
29/09/2025,21:00:00,2.04,1240.0,7.49,927.0,-200.0,841.0,99.0,1131.0,891.0,29.3,47.2,1.651
29/09/2025,22:00:00,1.09,1063.0,5.33,849.0,133.0,754.0,71.0,1109.0,863.0,30.2,48.6,1.63
29/09/2025,23:00:00,1.16,936.0,5.09,754.0,75.0,925.0,45.0,1134.0,747.0,29.7,51.9,1.665
30/09/2025,00:00:00,0.1,-200.0,-200.0,720.0,20.0,906.0,15.0,948.0,752.0,28.1,54.3,1.644
30/09/2025,01:00:00,0.33,933.0,4.09,713.0,51.0,854.0,31.0,1058.0,841.0,28.3,48.1,1.374
30/09/2025,02:00:00,0.59,870.0,3.09,732.0,44.0,840.0,34.0,1078.0,853.0,25.0,63.2,1.425
30/09/2025,03:00:00,1.25,858.0,3.61,696.0,9.0,810.0,53.0,-200.0,849.0,23.4,61.7,1.241
30/09/2025,04:00:00,0.77,960.0,2.02,757.0,-200.0,913.0,-200.0,945.0,-200.0,22.6,62.9,1.406
30/09/2025,05:00:00,0.99,988.0,3.82,801.0,102.0,958.0,38.0,1126.0,-200.0,21.9,67.5,1.314
30/09/2025,06:00:00,1.6,1113.0,5.9,820.0,124.0,796.0,78.0,1154.0,889.0,26.3,64.0,1.411
30/09/2025,07:00:00,1.52,1256.0,6.75,927.0,-200.0,725.0,70.0,1198.0,976.0,19.4,67.5,1.26
30/09/2025,08:00:00,1.47,1312.0,5.59,1006.0,215.0,780.0,84.0,1222.0,945.0,19.4,-200.0,1.039
30/09/2025,09:00:00,2.83,1231.0,7.52,983.0,188.0,706.0,83.0,1319.0,917.0,21.6,59.0,1.141
30/09/2025,10:00:00,2.37,1260.0,8.82,989.0,163.0,782.0,98.0,-200.0,966.0,20.0,68.5,1.386
30/09/2025,11:00:00,1.68,1188.0,-200.0,974.0,163.0,719.0,73.0,1217.0,924.0,17.2,77.3,1.176
30/09/2025,12:00:00,-200.0,1109.0,5.13,887.0,-200.0,852.0,80.0,1081.0,893.0,23.0,64.2,1.463
30/09/2025,13:00:00,1.25,1038.0,3.71,794.0,65.0,948.0,42.0,-200.0,806.0,22.0,57.2,1.324
30/09/2025,14:00:00,0.84,957.0,5.17,697.0,78.0,817.0,58.0,978.0,804.0,18.4,65.4,-200.0
30/09/2025,15:00:00,1.02,957.0,4.31,829.0,101.0,841.0,38.0,1078.0,894.0,23.4,57.6,1.228
30/09/2025,16:00:00,1.83,1121.0,6.3,942.0,122.0,802.0,76.0,1114.0,820.0,24.2,59.6,1.317
30/09/2025,17:00:00,1.48,1188.0,6.62,965.0,167.0,805.0,81.0,1192.0,934.0,25.8,58.3,1.323
30/09/2025,18:00:00,2.35,1278.0,7.93,1016.0,173.0,783.0,98.0,1203.0,954.0,27.5,50.4,1.441
30/09/2025,19:00:00,2.09,1258.0,9.99,1002.0,172.0,666.0,96.0,1263.0,914.0,29.4,53.4,1.513
30/09/2025,20:00:00,2.61,1387.0,9.22,1015.0,168.0,845.0,89.0,1263.0,965.0,30.7,50.2,1.549
30/09/2025,21:00:00,1.86,1180.0,-200.0,904.0,170.0,771.0,86.0,1307.0,890.0,31.0,40.2,1.542
30/09/2025,22:00:00,1.14,1053.0,4.02,827.0,136.0,793.0,85.0,1075.0,863.0,31.2,47.7,1.613
30/09/2025,23:00:00,0.57,992.0,2.15,838.0,83.0,933.0,-200.0,1109.0,850.0,28.0,47.2,1.561
01/10/2025,00:00:00,0.51,892.0,1.16,749.0,90.0,907.0,36.0,1039.0,688.0,24.4,45.4,1.295
01/10/2025,01:00:00,0.65,823.0,2.25,682.0,57.0,881.0,33.0,1008.0,864.0,22.7,50.8,1.168
01/10/2025,02:00:00,0.9,920.0,3.42,707.0,51.0,872.0,-200.0,924.0,974.0,26.5,60.8,1.361
01/10/2025,03:00:00,0.37,823.0,1.15,708.0,35.0,1000.0,23.0,1089.0,760.0,23.9,60.1,1.387
01/10/2025,04:00:00,0.53,936.0,1.53,703.0,69.0,835.0,36.0,1034.0,790.0,25.0,53.3,1.346
01/10/2025,05:00:00,0.82,881.0,4.6,693.0,108.0,918.0,47.0,1012.0,801.0,22.2,59.4,1.407
01/10/2025,06:00:00,1.12,929.0,7.25,884.0,141.0,780.0,81.0,1046.0,827.0,17.8,67.1,1.123
01/10/2025,07:00:00,1.66,1201.0,8.28,997.0,174.0,737.0,92.0,1181.0,1049.0,18.8,68.6,-200.0
01/10/2025,08:00:00,1.99,1195.0,6.2,982.0,196.0,716.0,84.0,1169.0,-200.0,19.8,68.1,1.375
01/10/2025,09:00:00,2.5,1326.0,9.47,1014.0,232.0,723.0,109.0,1216.0,1046.0,17.3,73.8,1.208
01/10/2025,10:00:00,2.1,1271.0,9.56,1066.0,167.0,637.0,85.0,1190.0,1053.0,21.4,71.5,1.252
01/10/2025,11:00:00,1.8,1174.0,6.38,895.0,177.0,740.0,79.0,1168.0,998.0,19.0,65.8,1.265
01/10/2025,12:00:00,-200.0,1023.0,5.12,764.0,122.0,871.0,68.0,-200.0,949.0,20.0,63.7,1.414
01/10/2025,13:00:00,0.64,978.0,4.69,751.0,94.0,908.0,78.0,1035.0,778.0,19.1,64.0,1.242
01/10/2025,14:00:00,1.02,921.0,4.49,827.0,53.0,855.0,52.0,1025.0,888.0,25.8,52.2,1.357
01/10/2025,15:00:00,1.04,1043.0,4.75,747.0,97.0,798.0,35.0,1060.0,-200.0,23.7,61.5,-200.0
01/10/2025,16:00:00,1.37,1031.0,6.28,805.0,139.0,831.0,73.0,1055.0,978.0,25.7,51.1,1.289
01/10/2025,17:00:00,1.76,1150.0,7.24,906.0,110.0,809.0,93.0,1130.0,891.0,25.3,61.0,1.514
01/10/2025,18:00:00,2.16,1306.0,7.66,952.0,202.0,729.0,105.0,1197.0,922.0,26.9,44.4,1.501
01/10/2025,19:00:00,2.41,1263.0,8.46,978.0,154.0,770.0,88.0,-200.0,1004.0,28.8,53.2,1.566
01/10/2025,20:00:00,2.25,1153.0,7.48,1001.0,158.0,706.0,96.0,1322.0,1020.0,29.5,40.4,1.628
01/10/2025,21:00:00,1.5,1101.0,6.42,854.0,151.0,702.0,79.0,1091.0,838.0,29.9,46.8,1.418
01/10/2025,22:00:00,1.7,1121.0,6.04,816.0,147.0,791.0,85.0,1113.0,861.0,30.3,52.3,1.508
01/10/2025,23:00:00,0.77,982.0,3.22,782.0,84.0,862.0,59.0,1034.0,782.0,29.4,55.9,-200.0
02/10/2025,00:00:00,0.62,918.0,4.29,721.0,69.0,865.0,61.0,990.0,855.0,28.4,57.3,1.626
02/10/2025,01:00:00,0.89,918.0,1.82,693.0,42.0,874.0,32.0,971.0,773.0,25.5,58.4,1.369
02/10/2025,02:00:00,0.53,1010.0,3.28,636.0,57.0,947.0,38.0,1070.0,867.0,25.0,61.4,1.22
02/10/2025,03:00:00,0.7,785.0,4.15,686.0,62.0,-200.0,35.0,861.0,770.0,22.2,64.4,1.297
02/10/2025,04:00:00,0.19,923.0,3.99,745.0,103.0,818.0,56.0,951.0,836.0,22.0,59.8,1.428
02/10/2025,05:00:00,0.45,978.0,1.93,801.0,72.0,902.0,65.0,1113.0,766.0,22.1,63.1,1.396
02/10/2025,06:00:00,1.3,1057.0,5.53,823.0,102.0,853.0,68.0,1169.0,877.0,21.1,70.4,1.312
02/10/2025,07:00:00,1.84,1213.0,6.08,893.0,174.0,716.0,81.0,1271.0,876.0,20.7,74.1,1.275
02/10/2025,08:00:00,2.5,1310.0,6.82,1020.0,-200.0,755.0,99.0,1244.0,1069.0,21.4,68.8,1.362
02/10/2025,09:00:00,2.6,1287.0,9.27,1031.0,202.0,643.0,83.0,1279.0,1063.0,17.0,67.2,1.297
02/10/2025,10:00:00,1.83,-200.0,6.91,960.0,195.0,683.0,89.0,1114.0,996.0,16.4,66.7,1.249
02/10/2025,11:00:00,2.11,1316.0,7.27,949.0,140.0,712.0,76.0,1166.0,993.0,19.3,64.4,1.251
02/10/2025,12:00:00,1.02,1060.0,7.15,841.0,75.0,797.0,64.0,1134.0,857.0,22.7,69.3,1.35
02/10/2025,13:00:00,-200.0,992.0,4.66,715.0,112.0,885.0,45.0,1025.0,881.0,23.7,70.5,1.319
02/10/2025,14:00:00,0.76,1036.0,3.63,718.0,83.0,883.0,39.0,1032.0,830.0,23.0,64.9,1.463
02/10/2025,15:00:00,1.67,963.0,4.1,765.0,-200.0,816.0,34.0,1128.0,876.0,23.6,59.8,1.358
02/10/2025,16:00:00,1.17,1138.0,6.5,757.0,132.0,829.0,69.0,1188.0,891.0,25.7,66.9,1.32
02/10/2025,17:00:00,-200.0,1147.0,6.61,892.0,193.0,787.0,63.0,1181.0,934.0,28.2,-200.0,1.69
02/10/2025,18:00:00,2.26,1371.0,7.85,1050.0,-200.0,767.0,106.0,1222.0,885.0,26.4,59.8,1.354
02/10/2025,19:00:00,2.34,1327.0,7.88,1023.0,242.0,718.0,104.0,1294.0,969.0,27.5,45.8,1.36
02/10/2025,20:00:00,1.97,1220.0,7.34,972.0,162.0,757.0,105.0,1203.0,1084.0,29.0,51.4,1.359
02/10/2025,21:00:00,2.34,1295.0,-200.0,991.0,-200.0,771.0,69.0,1228.0,930.0,30.7,45.1,1.445
02/10/2025,22:00:00,1.16,1094.0,4.78,857.0,122.0,780.0,86.0,1067.0,844.0,30.1,45.7,1.576
02/10/2025,23:00:00,0.78,940.0,4.82,805.0,84.0,870.0,78.0,1093.0,845.0,25.4,47.3,1.249
03/10/2025,00:00:00,0.57,816.0,3.76,657.0,53.0,961.0,40.0,999.0,721.0,28.8,53.2,1.492
03/10/2025,01:00:00,0.65,942.0,1.86,685.0,5.0,963.0,45.0,963.0,779.0,26.5,52.7,1.371
03/10/2025,02:00:00,0.44,986.0,-200.0,702.0,95.0,770.0,40.0,1023.0,816.0,26.2,47.1,1.344
03/10/2025,03:00:00,0.88,933.0,3.84,721.0,31.0,927.0,54.0,983.0,836.0,23.7,57.8,1.2
03/10/2025,04:00:00,-200.0,950.0,3.62,852.0,89.0,860.0,54.0,1079.0,838.0,23.5,59.5,1.365
03/10/2025,05:00:00,0.95,1070.0,3.93,772.0,87.0,882.0,30.0,988.0,926.0,21.6,56.3,1.16
03/10/2025,06:00:00,-200.0,1094.0,5.92,898.0,115.0,753.0,54.0,1112.0,846.0,-200.0,69.3,1.265
03/10/2025,07:00:00,1.58,1125.0,8.18,1057.0,149.0,746.0,84.0,1121.0,854.0,18.5,72.0,1.305
03/10/2025,08:00:00,2.08,1224.0,8.36,1110.0,190.0,639.0,103.0,1298.0,965.0,18.9,72.7,1.052
03/10/2025,09:00:00,2.39,1333.0,8.32,1059.0,213.0,678.0,102.0,1293.0,973.0,17.1,78.5,1.311
03/10/2025,10:00:00,2.46,1291.0,8.55,1079.0,205.0,750.0,74.0,1223.0,995.0,18.5,64.0,1.072
03/10/2025,11:00:00,1.73,1230.0,6.01,939.0,150.0,790.0,-200.0,1165.0,921.0,19.2,63.2,1.465
03/10/2025,12:00:00,1.24,1083.0,5.58,838.0,92.0,927.0,86.0,1201.0,892.0,22.0,66.9,1.321
03/10/2025,13:00:00,0.46,1027.0,4.3,822.0,65.0,831.0,25.0,1099.0,853.0,22.5,64.4,1.264
03/10/2025,14:00:00,0.7,981.0,2.93,802.0,102.0,826.0,60.0,992.0,883.0,25.7,63.3,1.435
03/10/2025,15:00:00,0.58,1044.0,-200.0,803.0,85.0,926.0,-200.0,1110.0,-200.0,21.5,64.2,1.24
03/10/2025,16:00:00,0.97,1105.0,5.02,831.0,96.0,-200.0,75.0,1066.0,896.0,24.9,56.1,1.155
03/10/2025,17:00:00,1.88,1150.0,-200.0,905.0,138.0,777.0,79.0,1175.0,1035.0,28.3,60.2,1.581
03/10/2025,18:00:00,3.05,1250.0,7.36,949.0,184.0,-200.0,105.0,1100.0,895.0,27.9,49.1,1.424
03/10/2025,19:00:00,2.45,1319.0,8.03,1059.0,174.0,584.0,99.0,1299.0,1014.0,28.0,48.8,1.468
03/10/2025,20:00:00,2.31,1267.0,7.96,1029.0,186.0,665.0,101.0,1185.0,978.0,27.4,44.8,1.432
03/10/2025,21:00:00,1.6,1243.0,7.65,977.0,178.0,699.0,81.0,1153.0,939.0,30.0,32.9,1.418
03/10/2025,22:00:00,1.05,1071.0,6.24,758.0,113.0,863.0,65.0,1015.0,915.0,29.1,-200.0,1.37
03/10/2025,23:00:00,1.46,891.0,4.46,773.0,51.0,830.0,42.0,1059.0,797.0,27.8,55.8,1.529
04/10/2025,00:00:00,0.4,829.0,3.86,689.0,77.0,887.0,34.0,1004.0,-200.0,29.0,58.4,1.532
04/10/2025,01:00:00,0.1,886.0,4.4,697.0,82.0,819.0,60.0,924.0,845.0,29.9,48.6,1.493
04/10/2025,02:00:00,0.67,946.0,3.23,771.0,84.0,858.0,33.0,1004.0,797.0,24.0,62.1,1.481
04/10/2025,03:00:00,-200.0,866.0,2.18,779.0,65.0,856.0,18.0,990.0,756.0,24.9,47.9,1.39
04/10/2025,04:00:00,0.88,969.0,3.36,782.0,117.0,874.0,87.0,1092.0,862.0,22.9,57.4,1.47
04/10/2025,05:00:00,1.34,931.0,2.51,772.0,102.0,846.0,46.0,1005.0,877.0,-200.0,62.7,1.497
04/10/2025,06:00:00,1.4,1067.0,5.84,828.0,175.0,895.0,60.0,1127.0,-200.0,22.4,72.3,1.457
04/10/2025,07:00:00,1.85,1189.0,6.38,998.0,180.0,802.0,75.0,1077.0,959.0,21.8,77.7,1.377
04/10/2025,08:00:00,2.39,1192.0,8.55,1110.0,210.0,631.0,94.0,1230.0,1015.0,18.4,67.3,1.167
04/10/2025,09:00:00,3.08,1324.0,8.9,1138.0,188.0,751.0,91.0,1271.0,999.0,16.5,69.7,1.275
04/10/2025,10:00:00,2.79,1358.0,-200.0,1043.0,167.0,764.0,112.0,1250.0,1001.0,19.0,74.9,1.233
04/10/2025,11:00:00,1.71,1153.0,7.25,934.0,155.0,771.0,77.0,1159.0,871.0,19.5,79.9,1.363
04/10/2025,12:00:00,1.56,1065.0,5.26,878.0,112.0,869.0,52.0,1204.0,872.0,16.3,73.0,1.388
04/10/2025,13:00:00,1.43,1002.0,3.54,817.0,79.0,917.0,19.0,1032.0,900.0,23.0,58.9,1.351
04/10/2025,14:00:00,1.05,966.0,2.59,731.0,79.0,845.0,62.0,1067.0,955.0,21.9,67.0,1.226
04/10/2025,15:00:00,0.97,988.0,4.72,765.0,86.0,796.0,48.0,1035.0,854.0,23.9,56.8,1.449
04/10/2025,16:00:00,1.2,1057.0,3.96,1008.0,103.0,848.0,69.0,1050.0,834.0,-200.0,64.4,1.388
04/10/2025,17:00:00,1.82,1071.0,9.13,910.0,166.0,727.0,69.0,1094.0,917.0,26.2,58.2,1.577
04/10/2025,18:00:00,1.94,1288.0,9.96,1063.0,171.0,733.0,95.0,1171.0,904.0,29.4,47.8,1.494
04/10/2025,19:00:00,2.62,1236.0,7.09,1022.0,199.0,648.0,100.0,1286.0,1041.0,28.5,56.9,1.462
04/10/2025,20:00:00,2.57,1283.0,9.16,1009.0,162.0,768.0,105.0,1305.0,987.0,32.0,53.0,1.55
04/10/2025,21:00:00,1.69,1207.0,8.34,881.0,155.0,730.0,82.0,1201.0,883.0,29.9,52.0,1.53
04/10/2025,22:00:00,1.2,-200.0,4.66,788.0,119.0,811.0,50.0,1079.0,872.0,29.9,50.5,1.299
04/10/2025,23:00:00,0.68,924.0,-200.0,801.0,68.0,848.0,80.0,1010.0,881.0,28.0,48.7,1.379
05/10/2025,00:00:00,0.72,919.0,2.85,727.0,61.0,829.0,45.0,1010.0,807.0,27.4,56.0,1.56
05/10/2025,01:00:00,0.6,-200.0,3.83,802.0,58.0,954.0,29.0,938.0,766.0,28.0,66.0,-200.0
05/10/2025,02:00:00,0.25,867.0,2.5,704.0,52.0,963.0,43.0,-200.0,861.0,-200.0,67.0,1.439
05/10/2025,03:00:00,-200.0,1034.0,4.36,717.0,54.0,888.0,46.0,1028.0,827.0,24.4,59.1,1.365
05/10/2025,04:00:00,0.29,876.0,3.28,724.0,80.0,-200.0,50.0,961.0,777.0,23.5,52.1,1.302
05/10/2025,05:00:00,0.58,1006.0,3.77,714.0,87.0,850.0,56.0,1137.0,843.0,21.3,62.3,1.31
05/10/2025,06:00:00,1.55,1149.0,6.15,871.0,134.0,796.0,67.0,1026.0,766.0,20.8,67.8,1.214
05/10/2025,07:00:00,1.96,1188.0,8.05,922.0,132.0,767.0,91.0,1168.0,950.0,19.8,70.1,1.148
05/10/2025,08:00:00,2.04,1224.0,5.61,937.0,183.0,704.0,103.0,1275.0,1138.0,19.2,74.2,1.305
05/10/2025,09:00:00,2.21,1267.0,5.52,1111.0,188.0,655.0,109.0,1294.0,1064.0,-200.0,73.6,1.471
05/10/2025,10:00:00,2.34,1177.0,8.82,984.0,188.0,776.0,73.0,1188.0,975.0,19.1,73.4,1.357
05/10/2025,11:00:00,1.89,1171.0,6.18,950.0,158.0,757.0,59.0,1141.0,950.0,18.7,65.5,1.351
05/10/2025,12:00:00,1.15,1068.0,3.82,860.0,92.0,916.0,55.0,1043.0,914.0,20.1,64.5,1.407
05/10/2025,13:00:00,1.24,971.0,3.85,787.0,102.0,862.0,50.0,1067.0,880.0,21.1,59.6,1.342
05/10/2025,14:00:00,1.02,1046.0,7.4,698.0,124.0,-200.0,40.0,1087.0,827.0,23.4,63.9,1.37
05/10/2025,15:00:00,1.32,984.0,2.7,852.0,94.0,843.0,41.0,939.0,727.0,23.2,64.3,1.277
05/10/2025,16:00:00,1.31,967.0,6.47,800.0,99.0,801.0,67.0,1134.0,864.0,27.0,62.8,1.518
05/10/2025,17:00:00,2.0,1256.0,6.06,797.0,147.0,762.0,69.0,1136.0,903.0,26.1,42.5,1.45
05/10/2025,18:00:00,2.17,1192.0,6.67,1062.0,180.0,731.0,65.0,1220.0,-200.0,29.9,55.3,1.429
05/10/2025,19:00:00,2.54,1333.0,8.27,1095.0,187.0,644.0,84.0,1186.0,962.0,28.4,46.1,1.436
05/10/2025,20:00:00,2.31,-200.0,6.71,950.0,201.0,669.0,87.0,1188.0,1017.0,29.6,53.3,1.38
05/10/2025,21:00:00,-200.0,1162.0,5.09,931.0,116.0,807.0,77.0,1285.0,1047.0,30.5,44.8,-200.0
05/10/2025,22:00:00,1.44,1116.0,4.5,898.0,121.0,847.0,74.0,1078.0,936.0,30.7,54.0,1.668
05/10/2025,23:00:00,0.47,984.0,2.84,845.0,-200.0,783.0,57.0,1047.0,838.0,29.3,48.1,1.372
06/10/2025,00:00:00,0.44,881.0,2.83,734.0,85.0,926.0,16.0,945.0,887.0,31.5,49.8,1.634
06/10/2025,01:00:00,0.62,778.0,3.21,746.0,81.0,942.0,58.0,1155.0,855.0,26.5,59.0,1.551
06/10/2025,02:00:00,0.73,801.0,2.09,742.0,48.0,911.0,38.0,1030.0,845.0,23.0,54.7,1.244
06/10/2025,03:00:00,0.85,1077.0,3.9,701.0,93.0,812.0,42.0,1005.0,777.0,23.9,64.8,1.172
06/10/2025,04:00:00,0.87,977.0,2.66,667.0,78.0,818.0,46.0,1074.0,810.0,23.9,66.3,1.384
06/10/2025,05:00:00,0.77,1055.0,3.96,753.0,115.0,859.0,41.0,1069.0,874.0,22.2,64.4,1.326
06/10/2025,06:00:00,1.54,1211.0,2.76,900.0,137.0,915.0,70.0,1088.0,1001.0,18.9,64.8,1.257
06/10/2025,07:00:00,1.59,1146.0,7.07,993.0,159.0,741.0,56.0,1158.0,1015.0,19.2,75.0,1.396
06/10/2025,08:00:00,2.54,1255.0,11.11,1027.0,181.0,750.0,110.0,1133.0,-200.0,18.0,73.8,1.224
06/10/2025,09:00:00,2.73,1204.0,9.95,1032.0,247.0,668.0,102.0,1228.0,1012.0,18.0,78.2,1.502
06/10/2025,10:00:00,2.22,1246.0,8.21,1111.0,-200.0,805.0,98.0,1195.0,1026.0,19.0,60.9,1.127
06/10/2025,11:00:00,1.63,1149.0,5.59,939.0,149.0,770.0,86.0,1185.0,965.0,20.4,67.2,1.221
06/10/2025,12:00:00,-200.0,1040.0,7.36,875.0,88.0,759.0,59.0,1088.0,-200.0,19.4,64.8,1.2
06/10/2025,13:00:00,0.71,1052.0,4.1,709.0,93.0,816.0,68.0,1095.0,786.0,20.5,67.6,1.292
06/10/2025,14:00:00,0.64,1006.0,3.1,750.0,88.0,825.0,40.0,1044.0,835.0,23.8,57.8,1.517
06/10/2025,15:00:00,0.94,1044.0,3.52,835.0,77.0,863.0,41.0,1003.0,888.0,22.7,56.0,1.243
06/10/2025,16:00:00,1.18,990.0,7.89,765.0,105.0,785.0,66.0,1190.0,962.0,23.9,-200.0,1.288
06/10/2025,17:00:00,1.39,1170.0,6.84,930.0,126.0,743.0,63.0,1143.0,1043.0,29.8,45.6,-200.0
06/10/2025,18:00:00,2.1,1284.0,8.95,1038.0,-200.0,817.0,87.0,1259.0,904.0,26.7,42.9,-200.0
06/10/2025,19:00:00,2.42,1415.0,8.76,1129.0,191.0,671.0,103.0,1171.0,964.0,25.6,50.8,1.428
06/10/2025,20:00:00,2.14,1271.0,8.33,1069.0,195.0,728.0,103.0,1272.0,-200.0,27.0,63.6,1.4
06/10/2025,21:00:00,1.57,1158.0,6.46,1025.0,-200.0,754.0,79.0,1067.0,867.0,26.0,50.6,1.291
06/10/2025,22:00:00,0.71,1126.0,7.07,884.0,120.0,819.0,53.0,1215.0,974.0,31.3,48.5,1.516
06/10/2025,23:00:00,1.23,964.0,4.2,816.0,102.0,895.0,47.0,1089.0,848.0,-200.0,53.5,1.608
07/10/2025,00:00:00,0.59,931.0,-200.0,648.0,70.0,790.0,32.0,987.0,-200.0,26.0,55.8,1.511
07/10/2025,01:00:00,0.68,930.0,3.48,646.0,64.0,907.0,39.0,1035.0,794.0,27.3,54.4,1.401
07/10/2025,02:00:00,0.66,874.0,2.9,795.0,59.0,880.0,33.0,926.0,827.0,27.9,54.0,1.464
07/10/2025,03:00:00,0.77,871.0,3.6,684.0,73.0,904.0,30.0,994.0,733.0,23.7,52.2,1.425
07/10/2025,04:00:00,0.8,928.0,3.06,697.0,-200.0,875.0,31.0,1064.0,760.0,-200.0,67.1,1.492
07/10/2025,05:00:00,-200.0,951.0,3.5,-200.0,83.0,852.0,29.0,1082.0,784.0,21.0,62.6,1.473
07/10/2025,06:00:00,1.5,968.0,6.44,896.0,-200.0,836.0,77.0,1098.0,788.0,18.7,69.4,1.301
07/10/2025,07:00:00,2.04,1208.0,9.2,870.0,183.0,740.0,88.0,1184.0,992.0,22.4,73.9,1.23
07/10/2025,08:00:00,2.57,1295.0,-200.0,971.0,174.0,818.0,79.0,1290.0,983.0,18.1,68.1,1.109
07/10/2025,09:00:00,2.19,1255.0,9.1,1110.0,182.0,652.0,108.0,1293.0,-200.0,18.2,62.7,1.323
07/10/2025,10:00:00,-200.0,1210.0,7.76,894.0,192.0,792.0,95.0,1113.0,977.0,20.7,68.5,1.17
07/10/2025,11:00:00,1.39,1194.0,5.88,1007.0,177.0,705.0,64.0,1165.0,998.0,19.7,67.9,1.376
07/10/2025,12:00:00,1.2,1166.0,2.82,795.0,132.0,-200.0,51.0,1101.0,936.0,20.3,69.5,1.246
07/10/2025,13:00:00,0.94,1048.0,-200.0,767.0,91.0,872.0,51.0,979.0,840.0,21.1,62.1,1.201
07/10/2025,14:00:00,1.06,-200.0,3.33,710.0,106.0,823.0,-200.0,974.0,845.0,21.7,59.5,1.385
07/10/2025,15:00:00,0.96,968.0,3.64,702.0,-200.0,807.0,60.0,1144.0,866.0,24.3,58.1,1.283
07/10/2025,16:00:00,1.49,1085.0,6.85,799.0,136.0,806.0,58.0,1057.0,945.0,26.0,59.3,1.468
07/10/2025,17:00:00,1.71,1157.0,6.45,886.0,147.0,812.0,85.0,1140.0,934.0,26.2,59.5,1.442
07/10/2025,18:00:00,2.08,1217.0,7.83,948.0,199.0,724.0,92.0,1178.0,1003.0,28.4,64.6,1.278
07/10/2025,19:00:00,2.2,1312.0,7.4,1135.0,220.0,795.0,91.0,1275.0,922.0,28.9,61.0,1.621
07/10/2025,20:00:00,2.4,1209.0,7.32,962.0,190.0,748.0,106.0,1242.0,935.0,29.4,49.7,1.618
07/10/2025,21:00:00,1.7,-200.0,-200.0,828.0,154.0,745.0,82.0,1282.0,895.0,28.6,46.4,1.567
07/10/2025,22:00:00,0.7,1031.0,6.1,725.0,107.0,686.0,70.0,1066.0,911.0,28.3,47.2,1.563
07/10/2025,23:00:00,1.1,956.0,5.69,791.0,121.0,784.0,38.0,1079.0,803.0,28.9,44.8,1.405
08/10/2025,00:00:00,0.37,898.0,1.99,605.0,67.0,887.0,34.0,887.0,810.0,25.7,53.6,1.531
08/10/2025,01:00:00,0.65,777.0,3.44,691.0,65.0,821.0,50.0,915.0,795.0,30.8,50.0,-200.0
08/10/2025,02:00:00,0.33,847.0,4.3,811.0,91.0,889.0,37.0,1081.0,805.0,21.5,-200.0,1.121
08/10/2025,03:00:00,0.65,1004.0,3.84,718.0,53.0,906.0,39.0,1072.0,856.0,23.2,54.8,1.267
08/10/2025,04:00:00,0.1,930.0,5.35,744.0,66.0,870.0,32.0,1046.0,827.0,23.5,67.0,1.294
08/10/2025,05:00:00,0.94,1010.0,4.63,738.0,106.0,848.0,54.0,1115.0,828.0,22.6,64.6,-200.0
08/10/2025,06:00:00,1.09,1083.0,5.37,837.0,151.0,919.0,51.0,1034.0,904.0,19.2,60.3,1.187
08/10/2025,07:00:00,1.47,1158.0,4.14,920.0,154.0,771.0,84.0,1265.0,1024.0,18.7,73.1,1.215
08/10/2025,08:00:00,2.41,1208.0,8.91,1033.0,194.0,713.0,82.0,-200.0,987.0,19.2,75.6,1.157
08/10/2025,09:00:00,2.37,1267.0,9.72,1141.0,168.0,-200.0,97.0,1269.0,933.0,17.0,67.7,1.192
08/10/2025,10:00:00,2.16,1378.0,9.79,992.0,212.0,719.0,113.0,1392.0,908.0,17.4,65.7,1.351
08/10/2025,11:00:00,1.61,1133.0,6.02,889.0,131.0,744.0,84.0,1113.0,917.0,21.0,64.3,1.177
08/10/2025,12:00:00,1.55,1164.0,5.37,836.0,105.0,910.0,60.0,1181.0,817.0,21.7,68.4,1.381
08/10/2025,13:00:00,0.88,961.0,2.39,828.0,94.0,885.0,63.0,1112.0,712.0,21.5,69.6,1.243
08/10/2025,14:00:00,1.24,941.0,1.97,734.0,68.0,-200.0,40.0,1006.0,814.0,23.9,63.4,1.566
08/10/2025,15:00:00,1.3,991.0,4.91,790.0,51.0,867.0,41.0,1179.0,864.0,24.1,53.3,1.394
08/10/2025,16:00:00,1.68,1050.0,6.93,868.0,91.0,882.0,60.0,1046.0,956.0,24.1,62.7,1.374
08/10/2025,17:00:00,2.04,1109.0,8.54,1050.0,155.0,717.0,93.0,1164.0,932.0,24.8,54.7,1.337
08/10/2025,18:00:00,2.07,1260.0,-200.0,1066.0,216.0,732.0,107.0,1264.0,997.0,28.5,51.9,1.491
08/10/2025,19:00:00,2.41,1212.0,11.46,1002.0,-200.0,657.0,94.0,1244.0,1028.0,27.3,53.5,1.299
08/10/2025,20:00:00,2.17,1283.0,7.94,895.0,194.0,698.0,91.0,1412.0,985.0,30.0,55.6,1.511
08/10/2025,21:00:00,2.0,1178.0,8.05,940.0,156.0,770.0,85.0,1090.0,-200.0,28.5,44.3,1.412
08/10/2025,22:00:00,1.31,1102.0,3.79,799.0,131.0,773.0,93.0,1196.0,-200.0,30.8,43.6,1.453
08/10/2025,23:00:00,0.88,947.0,0.38,740.0,113.0,789.0,49.0,912.0,784.0,26.9,51.1,-200.0
09/10/2025,00:00:00,1.01,944.0,2.42,645.0,62.0,949.0,57.0,827.0,823.0,25.8,52.7,1.557
09/10/2025,01:00:00,0.52,926.0,2.86,673.0,63.0,816.0,43.0,1004.0,757.0,26.8,59.5,1.582
09/10/2025,02:00:00,0.46,910.0,3.32,673.0,65.0,983.0,-200.0,1046.0,807.0,24.8,63.8,1.48
09/10/2025,03:00:00,0.54,1028.0,2.92,702.0,84.0,854.0,54.0,1095.0,827.0,24.2,57.5,1.425
09/10/2025,04:00:00,1.0,958.0,3.89,689.0,43.0,913.0,47.0,1115.0,804.0,22.6,64.2,1.499
09/10/2025,05:00:00,0.99,949.0,6.24,728.0,87.0,-200.0,51.0,1060.0,772.0,20.7,67.3,1.347
09/10/2025,06:00:00,1.42,1150.0,6.25,867.0,123.0,766.0,61.0,1129.0,860.0,20.1,69.9,1.363
09/10/2025,07:00:00,1.85,1195.0,6.05,931.0,115.0,791.0,84.0,1180.0,-200.0,16.4,60.6,1.366
09/10/2025,08:00:00,1.68,1367.0,5.4,1016.0,205.0,728.0,108.0,1317.0,898.0,21.4,72.3,1.41
09/10/2025,09:00:00,2.13,1189.0,7.71,1047.0,222.0,732.0,116.0,1176.0,1090.0,18.0,-200.0,1.305
09/10/2025,10:00:00,2.15,1243.0,10.02,967.0,147.0,780.0,109.0,-200.0,986.0,19.8,72.5,1.376
09/10/2025,11:00:00,1.87,1147.0,6.37,1011.0,145.0,808.0,74.0,1217.0,972.0,16.5,62.9,1.242
09/10/2025,12:00:00,1.08,947.0,6.22,952.0,109.0,776.0,57.0,1163.0,822.0,19.1,67.4,1.333
09/10/2025,13:00:00,0.73,996.0,5.06,844.0,72.0,850.0,43.0,1135.0,835.0,21.9,63.5,1.398
09/10/2025,14:00:00,0.79,938.0,-200.0,656.0,66.0,829.0,51.0,1034.0,794.0,25.4,73.2,-200.0
09/10/2025,15:00:00,1.32,866.0,4.19,739.0,80.0,828.0,64.0,1024.0,859.0,24.7,55.5,1.32
09/10/2025,16:00:00,0.78,1014.0,4.61,879.0,128.0,844.0,57.0,1142.0,820.0,26.1,52.6,-200.0
09/10/2025,17:00:00,1.13,-200.0,9.65,891.0,178.0,798.0,78.0,1100.0,-200.0,25.8,62.3,1.428
09/10/2025,18:00:00,2.66,1315.0,7.27,977.0,197.0,749.0,102.0,-200.0,1094.0,27.5,57.2,1.448
09/10/2025,19:00:00,2.02,1257.0,10.35,975.0,182.0,714.0,96.0,1220.0,1036.0,28.0,52.5,1.49
09/10/2025,20:00:00,2.12,1216.0,9.41,996.0,202.0,742.0,92.0,1209.0,1001.0,29.3,47.7,1.287
09/10/2025,21:00:00,1.42,1216.0,7.71,886.0,165.0,745.0,93.0,1210.0,952.0,30.8,44.0,1.5
09/10/2025,22:00:00,-200.0,940.0,5.22,707.0,57.0,889.0,64.0,1055.0,959.0,28.3,48.0,1.45
09/10/2025,23:00:00,-200.0,1012.0,2.37,830.0,112.0,895.0,43.0,979.0,831.0,28.4,48.4,1.485
10/10/2025,00:00:00,1.0,790.0,1.62,723.0,63.0,899.0,41.0,1069.0,852.0,26.9,49.2,1.524
10/10/2025,01:00:00,0.78,999.0,-200.0,627.0,64.0,956.0,45.0,938.0,670.0,26.1,52.2,1.385
10/10/2025,02:00:00,0.29,942.0,3.48,750.0,26.0,873.0,70.0,1017.0,795.0,27.0,54.4,1.574
10/10/2025,03:00:00,0.17,799.0,-200.0,715.0,96.0,901.0,60.0,1007.0,788.0,24.7,64.6,1.296
10/10/2025,04:00:00,0.86,907.0,3.83,790.0,77.0,930.0,83.0,905.0,786.0,23.2,55.4,1.433
10/10/2025,05:00:00,0.81,996.0,4.46,-200.0,102.0,801.0,39.0,985.0,879.0,21.3,66.8,1.274
10/10/2025,06:00:00,1.13,939.0,6.62,795.0,89.0,932.0,80.0,1120.0,872.0,19.2,68.2,1.4
10/10/2025,07:00:00,2.09,1162.0,4.46,968.0,163.0,738.0,98.0,1239.0,923.0,20.7,68.1,1.336
10/10/2025,08:00:00,1.78,1290.0,5.76,1055.0,197.0,697.0,94.0,1180.0,937.0,20.4,72.8,1.188
10/10/2025,09:00:00,2.31,1176.0,7.14,1108.0,197.0,701.0,95.0,1197.0,978.0,20.3,71.9,1.316
10/10/2025,10:00:00,2.38,1306.0,9.52,1071.0,160.0,757.0,103.0,1263.0,870.0,19.1,70.0,1.323
10/10/2025,11:00:00,1.5,1158.0,4.57,1046.0,152.0,809.0,76.0,1214.0,915.0,18.5,74.0,1.292
10/10/2025,12:00:00,1.65,1115.0,5.39,893.0,-200.0,895.0,-200.0,1156.0,802.0,21.4,54.6,1.361
10/10/2025,13:00:00,0.74,-200.0,3.2,732.0,76.0,854.0,36.0,1067.0,928.0,23.1,75.8,1.34
10/10/2025,14:00:00,0.85,897.0,4.09,763.0,104.0,886.0,31.0,1006.0,-200.0,24.0,68.3,1.323
10/10/2025,15:00:00,0.82,917.0,4.12,718.0,92.0,780.0,56.0,1101.0,893.0,22.8,68.4,1.192
10/10/2025,16:00:00,0.64,1042.0,5.71,907.0,115.0,766.0,72.0,1095.0,808.0,25.8,52.9,1.475
10/10/2025,17:00:00,1.69,1154.0,6.5,-200.0,129.0,763.0,68.0,1206.0,979.0,23.6,55.2,1.422
10/10/2025,18:00:00,2.42,1325.0,9.26,1138.0,185.0,737.0,100.0,1194.0,944.0,29.5,54.3,1.682
10/10/2025,19:00:00,2.14,1283.0,10.76,1034.0,197.0,698.0,106.0,1237.0,1015.0,28.6,49.3,1.467
10/10/2025,20:00:00,2.07,1167.0,9.93,1013.0,167.0,746.0,98.0,1258.0,970.0,-200.0,51.1,1.51
10/10/2025,21:00:00,1.66,1137.0,6.53,906.0,174.0,765.0,88.0,1042.0,856.0,31.3,51.2,1.541
10/10/2025,22:00:00,1.44,966.0,4.33,799.0,136.0,809.0,66.0,1179.0,822.0,27.9,44.2,1.545
10/10/2025,23:00:00,0.85,998.0,4.38,738.0,71.0,982.0,67.0,1045.0,875.0,28.5,54.9,1.419
11/10/2025,00:00:00,0.61,935.0,5.37,713.0,68.0,887.0,47.0,831.0,835.0,26.2,56.1,-200.0
11/10/2025,01:00:00,0.61,946.0,2.94,701.0,23.0,950.0,25.0,1010.0,725.0,24.3,51.5,1.388
11/10/2025,02:00:00,0.48,884.0,4.04,679.0,67.0,833.0,62.0,976.0,864.0,25.7,50.8,1.489
11/10/2025,03:00:00,1.07,868.0,4.09,725.0,79.0,901.0,30.0,944.0,784.0,24.3,60.5,1.609
11/10/2025,04:00:00,0.48,900.0,-200.0,697.0,48.0,851.0,44.0,1136.0,745.0,-200.0,58.4,1.324
11/10/2025,05:00:00,1.12,971.0,5.68,767.0,87.0,961.0,-200.0,1098.0,808.0,22.6,66.3,1.207
11/10/2025,06:00:00,1.63,1027.0,3.79,935.0,118.0,793.0,70.0,1089.0,804.0,-200.0,63.1,1.191
11/10/2025,07:00:00,1.76,1261.0,5.81,900.0,210.0,766.0,70.0,1169.0,892.0,20.8,76.1,1.421
11/10/2025,08:00:00,2.24,1239.0,8.47,999.0,238.0,678.0,98.0,1241.0,954.0,19.5,66.2,1.124
11/10/2025,09:00:00,2.53,1294.0,10.48,986.0,206.0,-200.0,106.0,1152.0,1028.0,20.6,65.5,1.343
11/10/2025,10:00:00,2.13,1216.0,9.89,997.0,173.0,716.0,97.0,1383.0,1025.0,20.9,69.8,-200.0
11/10/2025,11:00:00,-200.0,1121.0,6.92,953.0,158.0,-200.0,74.0,1168.0,991.0,20.0,60.7,1.569
11/10/2025,12:00:00,1.26,984.0,6.6,811.0,139.0,873.0,49.0,1209.0,923.0,21.8,62.7,1.216
11/10/2025,13:00:00,1.4,925.0,3.79,713.0,57.0,828.0,39.0,1003.0,738.0,22.8,56.7,1.29
11/10/2025,14:00:00,1.01,1073.0,-200.0,773.0,39.0,840.0,40.0,1073.0,751.0,20.9,63.6,1.397
11/10/2025,15:00:00,1.01,1019.0,2.7,801.0,67.0,921.0,68.0,983.0,904.0,22.7,64.6,1.33
11/10/2025,16:00:00,1.51,1040.0,5.24,874.0,131.0,899.0,49.0,927.0,855.0,23.8,55.3,1.304
11/10/2025,17:00:00,-200.0,1126.0,6.56,864.0,169.0,763.0,82.0,1220.0,925.0,27.5,61.3,1.353
11/10/2025,18:00:00,2.23,1335.0,9.62,1091.0,195.0,-200.0,111.0,1237.0,1015.0,26.5,48.7,1.364
11/10/2025,19:00:00,2.29,1250.0,9.68,1023.0,222.0,783.0,108.0,1218.0,1071.0,25.3,49.0,1.315
11/10/2025,20:00:00,2.34,1159.0,8.48,960.0,183.0,852.0,111.0,1023.0,1006.0,27.3,54.8,1.445
11/10/2025,21:00:00,1.66,1193.0,7.04,988.0,147.0,789.0,73.0,1137.0,885.0,28.4,53.6,1.661
11/10/2025,22:00:00,1.23,1002.0,4.86,912.0,123.0,859.0,71.0,1115.0,812.0,29.5,52.6,1.697
11/10/2025,23:00:00,1.16,900.0,2.01,750.0,121.0,868.0,65.0,983.0,779.0,30.3,56.9,1.71
12/10/2025,00:00:00,0.55,835.0,1.58,654.0,68.0,826.0,51.0,1008.0,867.0,29.0,52.7,1.466
12/10/2025,01:00:00,0.74,925.0,3.95,725.0,58.0,917.0,51.0,962.0,848.0,26.8,56.5,1.507
12/10/2025,02:00:00,0.77,896.0,2.87,629.0,69.0,967.0,26.0,929.0,804.0,24.1,54.0,1.394
12/10/2025,03:00:00,0.62,851.0,1.57,849.0,92.0,857.0,49.0,998.0,726.0,21.0,69.6,1.238
12/10/2025,04:00:00,0.65,958.0,5.09,670.0,63.0,792.0,50.0,889.0,864.0,-200.0,60.3,1.159
12/10/2025,05:00:00,0.61,927.0,6.19,787.0,78.0,891.0,50.0,1078.0,-200.0,21.1,63.9,1.145
12/10/2025,06:00:00,1.04,960.0,6.81,829.0,-200.0,733.0,56.0,1105.0,837.0,20.6,68.1,1.328
12/10/2025,07:00:00,1.94,1086.0,7.48,881.0,169.0,689.0,85.0,1202.0,929.0,21.0,72.0,1.184
12/10/2025,08:00:00,2.37,1262.0,8.75,964.0,171.0,638.0,82.0,1293.0,1008.0,20.2,72.9,1.224
12/10/2025,09:00:00,2.15,1253.0,8.97,1112.0,213.0,600.0,95.0,1235.0,976.0,19.1,56.5,1.32
12/10/2025,10:00:00,2.32,1267.0,8.61,1036.0,-200.0,772.0,105.0,1064.0,923.0,18.6,78.5,1.038
12/10/2025,11:00:00,1.85,1232.0,7.73,894.0,148.0,774.0,92.0,1150.0,-200.0,17.4,-200.0,1.394
12/10/2025,12:00:00,1.56,1023.0,6.25,810.0,115.0,923.0,70.0,1032.0,894.0,19.3,73.3,1.291
12/10/2025,13:00:00,1.53,1146.0,4.84,731.0,126.0,894.0,47.0,1140.0,-200.0,20.1,65.7,1.263
12/10/2025,14:00:00,1.02,977.0,0.1,801.0,101.0,973.0,36.0,1016.0,826.0,26.6,68.8,1.368
12/10/2025,15:00:00,0.82,976.0,5.68,826.0,83.0,825.0,44.0,1104.0,797.0,27.0,61.3,1.487
12/10/2025,16:00:00,1.51,980.0,5.65,869.0,106.0,838.0,79.0,1188.0,906.0,23.4,58.7,1.272
12/10/2025,17:00:00,1.53,1144.0,5.35,946.0,139.0,704.0,82.0,1121.0,839.0,27.1,58.5,1.574
12/10/2025,18:00:00,2.78,1246.0,8.65,1050.0,-200.0,706.0,93.0,1230.0,910.0,25.5,55.6,1.497
12/10/2025,19:00:00,2.09,1346.0,9.36,-200.0,232.0,772.0,102.0,1252.0,-200.0,28.7,56.5,1.401
12/10/2025,20:00:00,2.33,1225.0,6.53,1031.0,171.0,718.0,102.0,1358.0,1003.0,28.1,39.6,1.442
12/10/2025,21:00:00,1.79,1191.0,6.2,990.0,187.0,756.0,67.0,1241.0,-200.0,28.8,49.6,-200.0
12/10/2025,22:00:00,1.21,1060.0,4.04,851.0,117.0,820.0,58.0,1035.0,806.0,30.4,44.2,1.549
12/10/2025,23:00:00,0.83,1035.0,2.98,770.0,85.0,869.0,59.0,1011.0,833.0,28.9,56.0,1.455
13/10/2025,00:00:00,0.94,963.0,3.69,665.0,62.0,907.0,43.0,972.0,791.0,28.8,48.4,-200.0
13/10/2025,01:00:00,0.74,921.0,2.26,669.0,84.0,966.0,53.0,952.0,835.0,27.3,53.6,1.434
13/10/2025,02:00:00,0.57,948.0,3.15,673.0,44.0,863.0,49.0,983.0,842.0,24.2,62.1,1.343
13/10/2025,03:00:00,1.08,977.0,4.03,721.0,74.0,885.0,32.0,974.0,867.0,22.0,66.5,1.372
13/10/2025,04:00:00,0.71,962.0,2.93,700.0,70.0,890.0,5.0,1021.0,904.0,22.3,67.0,1.314
13/10/2025,05:00:00,1.13,993.0,-200.0,667.0,95.0,817.0,54.0,1041.0,896.0,21.0,68.8,1.224
13/10/2025,06:00:00,0.98,1082.0,6.99,882.0,111.0,799.0,51.0,1168.0,897.0,19.7,61.1,1.403
13/10/2025,07:00:00,1.47,1261.0,7.98,960.0,-200.0,806.0,86.0,1120.0,944.0,18.6,63.6,1.327
13/10/2025,08:00:00,2.4,1267.0,9.13,1035.0,197.0,678.0,113.0,1125.0,1014.0,19.3,63.0,1.186
13/10/2025,09:00:00,2.48,1344.0,10.03,-200.0,172.0,839.0,88.0,1220.0,889.0,21.0,64.7,1.261
13/10/2025,10:00:00,2.76,1220.0,8.89,989.0,214.0,801.0,102.0,1189.0,972.0,16.0,70.5,1.291
13/10/2025,11:00:00,1.62,1255.0,8.0,961.0,155.0,776.0,90.0,1254.0,832.0,17.8,73.7,1.172
13/10/2025,12:00:00,1.49,1087.0,4.0,842.0,105.0,849.0,68.0,1151.0,840.0,20.9,72.1,1.3
13/10/2025,13:00:00,0.93,966.0,4.21,-200.0,98.0,895.0,57.0,1132.0,762.0,18.7,55.7,1.245
13/10/2025,14:00:00,1.08,956.0,4.38,824.0,67.0,898.0,24.0,1096.0,852.0,-200.0,62.4,1.238
13/10/2025,15:00:00,1.18,973.0,4.2,729.0,92.0,862.0,54.0,936.0,876.0,27.2,58.6,1.337
13/10/2025,16:00:00,1.31,1061.0,8.41,676.0,118.0,957.0,64.0,1049.0,947.0,26.1,45.8,1.417
13/10/2025,17:00:00,1.61,-200.0,6.75,937.0,178.0,732.0,92.0,1076.0,879.0,30.5,59.1,1.417
13/10/2025,18:00:00,2.14,1249.0,6.27,1023.0,192.0,700.0,106.0,1320.0,944.0,25.0,56.9,1.34
13/10/2025,19:00:00,2.12,1205.0,9.07,1053.0,178.0,704.0,94.0,1300.0,1060.0,31.5,48.3,1.614
13/10/2025,20:00:00,2.31,1367.0,9.41,1038.0,198.0,752.0,71.0,1249.0,952.0,26.9,48.8,-200.0
13/10/2025,21:00:00,1.09,1181.0,5.92,901.0,167.0,868.0,61.0,1131.0,893.0,30.3,50.7,1.553
13/10/2025,22:00:00,1.17,1074.0,5.32,895.0,83.0,821.0,81.0,1071.0,918.0,25.6,52.4,1.507
13/10/2025,23:00:00,-200.0,974.0,4.06,692.0,63.0,891.0,51.0,996.0,867.0,28.8,48.1,1.465
14/10/2025,00:00:00,0.82,955.0,2.93,699.0,100.0,919.0,23.0,1039.0,853.0,28.1,48.6,1.513
14/10/2025,01:00:00,0.2,903.0,2.29,666.0,54.0,896.0,24.0,1007.0,827.0,25.8,49.6,1.331
14/10/2025,02:00:00,0.76,884.0,4.35,758.0,55.0,961.0,43.0,1043.0,780.0,23.2,64.9,1.438
14/10/2025,03:00:00,0.36,895.0,5.75,665.0,63.0,-200.0,43.0,1031.0,880.0,23.6,66.1,1.436
14/10/2025,04:00:00,0.64,1005.0,2.45,730.0,58.0,934.0,64.0,1068.0,-200.0,23.1,57.1,1.507
14/10/2025,05:00:00,1.14,989.0,2.58,772.0,51.0,847.0,51.0,1079.0,837.0,19.8,60.5,1.413
14/10/2025,06:00:00,1.07,1056.0,4.84,849.0,93.0,794.0,68.0,1165.0,928.0,20.2,61.8,1.33
14/10/2025,07:00:00,2.15,1138.0,8.66,891.0,140.0,751.0,79.0,1210.0,932.0,19.6,61.2,1.568
14/10/2025,08:00:00,2.29,1242.0,8.1,1036.0,176.0,735.0,104.0,1195.0,929.0,19.8,79.4,1.385
14/10/2025,09:00:00,2.52,1365.0,-200.0,1052.0,185.0,756.0,121.0,1279.0,1006.0,16.6,66.3,1.36
14/10/2025,10:00:00,2.49,1206.0,7.32,1035.0,156.0,824.0,105.0,1244.0,1086.0,18.3,73.5,1.219
14/10/2025,11:00:00,2.02,-200.0,9.12,1019.0,142.0,776.0,103.0,1154.0,990.0,19.9,67.0,1.262
14/10/2025,12:00:00,1.52,1103.0,5.05,847.0,138.0,913.0,71.0,1099.0,-200.0,19.9,66.0,1.305
14/10/2025,13:00:00,0.82,999.0,4.59,721.0,77.0,888.0,34.0,1114.0,794.0,19.9,63.6,1.197
14/10/2025,14:00:00,0.59,949.0,2.95,861.0,78.0,836.0,-200.0,1070.0,765.0,24.1,64.4,1.386
14/10/2025,15:00:00,0.92,897.0,3.22,829.0,119.0,863.0,63.0,1110.0,830.0,25.5,59.1,1.405
14/10/2025,16:00:00,1.44,1100.0,5.4,876.0,102.0,858.0,61.0,1103.0,847.0,26.4,61.1,1.538
14/10/2025,17:00:00,1.47,1069.0,7.1,922.0,214.0,810.0,80.0,1235.0,934.0,26.0,60.8,1.536
14/10/2025,18:00:00,2.37,-200.0,9.45,1056.0,204.0,696.0,84.0,1272.0,989.0,27.2,49.8,1.457
14/10/2025,19:00:00,2.49,1303.0,6.97,937.0,202.0,682.0,117.0,1202.0,922.0,30.2,52.4,1.467
14/10/2025,20:00:00,2.18,1307.0,7.27,1101.0,181.0,703.0,112.0,1204.0,-200.0,30.0,42.2,1.68
14/10/2025,21:00:00,1.81,1111.0,6.14,981.0,179.0,758.0,77.0,1114.0,913.0,30.9,47.4,1.366
14/10/2025,22:00:00,1.33,1001.0,5.51,828.0,101.0,836.0,61.0,1034.0,903.0,29.0,50.4,1.324
14/10/2025,23:00:00,1.06,1009.0,2.79,815.0,78.0,956.0,-200.0,1209.0,864.0,29.2,-200.0,1.533
15/10/2025,00:00:00,0.79,890.0,2.89,734.0,92.0,879.0,53.0,1100.0,743.0,28.5,52.4,1.464
15/10/2025,01:00:00,1.32,780.0,2.24,645.0,53.0,818.0,21.0,1070.0,733.0,28.7,57.6,1.443
15/10/2025,02:00:00,0.65,902.0,2.88,712.0,52.0,814.0,49.0,1029.0,749.0,21.9,61.0,1.155
15/10/2025,03:00:00,0.48,1018.0,2.22,729.0,50.0,936.0,47.0,974.0,849.0,24.2,49.4,1.296
15/10/2025,04:00:00,0.26,963.0,2.24,719.0,32.0,858.0,47.0,952.0,789.0,24.1,63.5,1.531
15/10/2025,05:00:00,0.59,905.0,-200.0,755.0,107.0,875.0,41.0,1035.0,844.0,23.3,63.4,1.496
15/10/2025,06:00:00,1.12,1086.0,6.7,888.0,114.0,786.0,53.0,1055.0,902.0,19.8,64.7,1.375
15/10/2025,07:00:00,1.96,1224.0,7.95,941.0,174.0,760.0,43.0,1208.0,1000.0,20.3,-200.0,-200.0
15/10/2025,08:00:00,2.12,1157.0,9.75,1119.0,183.0,703.0,86.0,1235.0,913.0,20.3,60.9,1.272
15/10/2025,09:00:00,2.5,1283.0,10.48,1014.0,192.0,666.0,76.0,1301.0,1067.0,20.9,69.7,1.277
15/10/2025,10:00:00,2.04,1339.0,8.22,1038.0,173.0,781.0,88.0,1240.0,1012.0,19.7,76.9,-200.0
15/10/2025,11:00:00,1.91,1074.0,9.22,881.0,-200.0,833.0,85.0,1064.0,1024.0,20.1,69.0,1.247
15/10/2025,12:00:00,1.54,1044.0,6.31,878.0,100.0,852.0,50.0,-200.0,957.0,-200.0,62.3,1.291
15/10/2025,13:00:00,0.89,973.0,3.15,714.0,98.0,959.0,69.0,1077.0,849.0,23.2,63.9,1.216
15/10/2025,14:00:00,0.98,936.0,3.1,769.0,-200.0,804.0,73.0,1054.0,789.0,24.6,71.4,1.51
15/10/2025,15:00:00,0.88,1069.0,4.48,840.0,69.0,846.0,56.0,1021.0,880.0,25.6,65.9,1.398
15/10/2025,16:00:00,1.01,1134.0,6.46,843.0,107.0,802.0,71.0,1071.0,819.0,26.4,54.8,1.378
15/10/2025,17:00:00,1.93,1147.0,6.7,878.0,153.0,803.0,60.0,1126.0,944.0,26.9,62.7,1.28
15/10/2025,18:00:00,2.33,1200.0,7.25,1068.0,180.0,657.0,96.0,1125.0,940.0,26.7,56.1,1.511
15/10/2025,19:00:00,2.55,-200.0,-200.0,1070.0,238.0,733.0,83.0,1248.0,987.0,27.2,38.6,1.34
15/10/2025,20:00:00,2.46,1307.0,7.07,1011.0,191.0,647.0,73.0,1272.0,860.0,-200.0,49.8,1.556
15/10/2025,21:00:00,1.73,1164.0,7.33,878.0,149.0,-200.0,64.0,1137.0,928.0,30.7,59.1,1.426
15/10/2025,22:00:00,1.27,1097.0,5.42,-200.0,108.0,879.0,62.0,1024.0,886.0,29.2,49.6,1.495
15/10/2025,23:00:00,0.87,1015.0,2.54,891.0,82.0,805.0,51.0,1108.0,809.0,28.7,58.9,1.346
16/10/2025,00:00:00,0.69,848.0,5.13,-200.0,48.0,-200.0,39.0,1082.0,795.0,27.9,45.8,1.44
16/10/2025,01:00:00,0.57,865.0,3.03,646.0,44.0,959.0,26.0,974.0,741.0,28.3,48.5,1.458
16/10/2025,02:00:00,0.64,903.0,1.61,720.0,73.0,968.0,42.0,945.0,844.0,26.4,63.1,1.445
16/10/2025,03:00:00,0.46,794.0,3.2,652.0,94.0,824.0,33.0,997.0,806.0,23.4,64.3,1.455
16/10/2025,04:00:00,0.48,910.0,1.38,754.0,62.0,904.0,46.0,1036.0,938.0,23.5,62.5,1.421
16/10/2025,05:00:00,0.72,929.0,4.58,841.0,95.0,894.0,49.0,1021.0,854.0,19.1,69.3,1.439
16/10/2025,06:00:00,1.41,1068.0,6.4,780.0,102.0,821.0,42.0,1004.0,900.0,19.5,64.1,-200.0
16/10/2025,07:00:00,1.78,1097.0,10.21,915.0,155.0,840.0,72.0,1223.0,906.0,17.0,63.0,1.45
16/10/2025,08:00:00,-200.0,1287.0,8.53,1039.0,160.0,692.0,101.0,1240.0,1046.0,17.9,71.6,1.352
16/10/2025,09:00:00,2.57,1313.0,8.21,983.0,-200.0,679.0,110.0,1343.0,976.0,17.9,68.6,1.213
16/10/2025,10:00:00,2.59,1255.0,8.66,-200.0,169.0,687.0,79.0,1228.0,1075.0,16.0,71.7,1.32
16/10/2025,11:00:00,1.67,1193.0,8.71,926.0,150.0,780.0,71.0,1254.0,1026.0,21.4,69.7,1.505
16/10/2025,12:00:00,1.05,1096.0,6.01,948.0,93.0,806.0,59.0,1087.0,-200.0,19.7,65.4,1.405
16/10/2025,13:00:00,1.22,972.0,5.29,729.0,45.0,900.0,67.0,-200.0,828.0,21.0,-200.0,1.222
16/10/2025,14:00:00,0.88,963.0,4.82,737.0,54.0,852.0,55.0,1008.0,790.0,21.4,57.4,1.332
16/10/2025,15:00:00,0.94,946.0,4.9,912.0,87.0,849.0,38.0,1163.0,770.0,24.8,60.8,1.472
16/10/2025,16:00:00,1.58,1019.0,3.72,884.0,100.0,832.0,70.0,1089.0,896.0,27.4,56.9,1.444
16/10/2025,17:00:00,1.73,1260.0,5.23,839.0,141.0,729.0,95.0,1261.0,933.0,27.3,56.5,1.49
16/10/2025,18:00:00,2.32,1249.0,6.52,1003.0,192.0,773.0,97.0,1198.0,1017.0,28.1,53.2,1.512
16/10/2025,19:00:00,2.44,1299.0,7.56,1082.0,184.0,737.0,91.0,1167.0,997.0,25.4,56.7,1.309
16/10/2025,20:00:00,3.03,-200.0,7.11,1095.0,185.0,755.0,104.0,1267.0,1028.0,28.7,51.9,1.599
16/10/2025,21:00:00,1.76,1187.0,9.2,1008.0,195.0,719.0,82.0,1127.0,930.0,30.0,46.7,1.509
16/10/2025,22:00:00,1.54,1025.0,4.52,869.0,-200.0,-200.0,61.0,1117.0,868.0,-200.0,-200.0,1.508
16/10/2025,23:00:00,0.88,950.0,4.27,806.0,83.0,772.0,62.0,1060.0,843.0,29.2,47.5,1.395
17/10/2025,00:00:00,0.71,956.0,2.71,629.0,68.0,940.0,40.0,1011.0,842.0,30.7,48.9,1.489
17/10/2025,01:00:00,0.55,811.0,3.24,662.0,-200.0,909.0,41.0,1099.0,780.0,25.4,58.4,1.502
17/10/2025,02:00:00,0.81,914.0,3.12,631.0,49.0,935.0,51.0,1017.0,851.0,24.2,57.0,1.408
17/10/2025,03:00:00,0.62,860.0,1.64,765.0,61.0,887.0,35.0,1013.0,764.0,24.6,62.0,1.462
17/10/2025,04:00:00,0.86,810.0,4.17,747.0,-200.0,892.0,31.0,998.0,798.0,24.6,55.7,1.389
17/10/2025,05:00:00,0.76,972.0,3.33,773.0,68.0,899.0,55.0,1080.0,736.0,23.7,63.4,1.382
17/10/2025,06:00:00,1.11,989.0,4.51,923.0,126.0,824.0,82.0,1125.0,860.0,17.4,69.5,1.084
17/10/2025,07:00:00,1.32,1085.0,6.6,961.0,184.0,781.0,52.0,1141.0,-200.0,19.8,-200.0,1.336
17/10/2025,08:00:00,2.31,1416.0,9.38,1078.0,148.0,735.0,103.0,-200.0,1011.0,20.6,62.2,1.292
17/10/2025,09:00:00,2.24,1333.0,8.25,1092.0,208.0,-200.0,100.0,1238.0,1028.0,20.4,77.8,1.339
17/10/2025,10:00:00,2.77,1295.0,8.52,1063.0,184.0,643.0,88.0,1260.0,1047.0,20.0,76.9,1.085
17/10/2025,11:00:00,1.68,1162.0,7.46,875.0,147.0,835.0,72.0,1086.0,1024.0,19.5,73.7,1.544
17/10/2025,12:00:00,1.63,989.0,5.71,894.0,123.0,845.0,75.0,1155.0,871.0,15.9,73.4,1.226
17/10/2025,13:00:00,1.27,976.0,4.54,802.0,118.0,876.0,61.0,1011.0,803.0,24.6,63.1,1.438
17/10/2025,14:00:00,0.81,939.0,2.22,730.0,86.0,809.0,37.0,1078.0,856.0,23.6,58.6,1.411
17/10/2025,15:00:00,0.8,871.0,4.45,813.0,109.0,917.0,57.0,1131.0,822.0,22.7,60.4,1.322
17/10/2025,16:00:00,1.29,1168.0,4.31,911.0,115.0,766.0,81.0,1125.0,847.0,24.8,58.9,1.438
17/10/2025,17:00:00,2.08,1160.0,4.87,927.0,160.0,844.0,88.0,1235.0,-200.0,26.9,51.9,1.557
17/10/2025,18:00:00,2.8,1211.0,7.86,975.0,175.0,695.0,74.0,1161.0,948.0,28.2,55.9,1.483
17/10/2025,19:00:00,2.09,1307.0,8.38,1011.0,201.0,776.0,108.0,1245.0,1113.0,26.2,58.4,-200.0
17/10/2025,20:00:00,2.23,1178.0,11.96,939.0,-200.0,687.0,79.0,1187.0,966.0,27.3,54.8,1.524
17/10/2025,21:00:00,1.64,1108.0,8.14,922.0,155.0,724.0,82.0,1126.0,931.0,29.8,50.2,1.566
17/10/2025,22:00:00,1.22,1150.0,6.31,871.0,82.0,819.0,55.0,1004.0,923.0,28.0,38.1,1.644
17/10/2025,23:00:00,1.37,945.0,3.66,862.0,65.0,827.0,56.0,1053.0,959.0,25.7,43.7,1.449
18/10/2025,00:00:00,0.41,-200.0,2.78,656.0,84.0,891.0,32.0,1057.0,788.0,26.3,52.5,1.419
18/10/2025,01:00:00,0.2,907.0,6.09,720.0,88.0,987.0,28.0,1076.0,697.0,26.5,58.2,1.425
18/10/2025,02:00:00,0.66,892.0,2.27,703.0,26.0,874.0,44.0,938.0,797.0,22.8,50.3,1.398
18/10/2025,03:00:00,0.74,877.0,3.45,708.0,52.0,907.0,43.0,977.0,-200.0,26.5,60.5,1.294
18/10/2025,04:00:00,0.63,1066.0,5.66,642.0,56.0,967.0,54.0,-200.0,787.0,24.5,66.1,1.53
18/10/2025,05:00:00,0.77,932.0,3.28,711.0,92.0,876.0,45.0,999.0,921.0,22.9,-200.0,1.333
18/10/2025,06:00:00,1.35,1004.0,5.55,938.0,-200.0,880.0,46.0,1081.0,-200.0,20.6,64.0,1.303
18/10/2025,07:00:00,1.45,1194.0,6.95,987.0,166.0,798.0,-200.0,1167.0,875.0,17.8,61.2,1.126
18/10/2025,08:00:00,2.33,1184.0,7.34,1031.0,159.0,772.0,-200.0,1208.0,1028.0,17.9,73.5,1.269
18/10/2025,09:00:00,2.31,1361.0,9.93,1075.0,207.0,699.0,93.0,1166.0,988.0,21.0,66.7,1.184
18/10/2025,10:00:00,2.57,1249.0,7.07,1057.0,180.0,751.0,100.0,1284.0,1047.0,18.0,77.9,1.091
18/10/2025,11:00:00,1.87,1173.0,7.91,907.0,138.0,860.0,76.0,1176.0,917.0,19.6,69.5,1.219
18/10/2025,12:00:00,1.28,1078.0,5.92,818.0,125.0,806.0,87.0,1124.0,916.0,20.0,68.9,1.276
18/10/2025,13:00:00,0.93,966.0,5.37,742.0,85.0,880.0,47.0,1081.0,758.0,21.3,69.2,1.24
18/10/2025,14:00:00,0.39,1015.0,3.67,762.0,79.0,838.0,49.0,1075.0,779.0,22.5,60.8,1.379
18/10/2025,15:00:00,0.96,1025.0,4.76,712.0,117.0,911.0,29.0,1063.0,833.0,23.6,62.3,1.495
18/10/2025,16:00:00,1.27,1091.0,6.64,804.0,118.0,739.0,83.0,1050.0,858.0,24.6,54.2,1.414
18/10/2025,17:00:00,1.81,1074.0,5.29,960.0,192.0,755.0,73.0,1257.0,1070.0,26.0,51.0,-200.0
18/10/2025,18:00:00,2.18,1240.0,6.96,996.0,140.0,772.0,110.0,1264.0,1036.0,27.2,48.4,1.443
18/10/2025,19:00:00,2.76,1293.0,9.7,954.0,200.0,695.0,92.0,1196.0,1054.0,26.9,48.9,1.496
18/10/2025,20:00:00,2.16,-200.0,9.4,995.0,164.0,633.0,93.0,1172.0,971.0,26.7,60.6,1.398
18/10/2025,21:00:00,1.58,-200.0,7.13,962.0,134.0,732.0,70.0,1285.0,856.0,28.4,45.5,1.5
18/10/2025,22:00:00,0.89,1020.0,6.47,845.0,-200.0,789.0,52.0,1089.0,971.0,27.5,53.4,1.477
18/10/2025,23:00:00,0.83,1041.0,3.71,674.0,105.0,943.0,48.0,1007.0,749.0,28.2,50.2,1.355
19/10/2025,00:00:00,0.34,844.0,4.52,757.0,52.0,942.0,38.0,968.0,770.0,25.9,47.2,1.539
19/10/2025,01:00:00,0.28,861.0,-200.0,687.0,37.0,947.0,36.0,1027.0,832.0,23.7,59.0,1.344
19/10/2025,02:00:00,0.53,1003.0,2.1,-200.0,74.0,840.0,22.0,973.0,945.0,27.5,54.9,1.417
19/10/2025,03:00:00,0.93,932.0,4.86,766.0,40.0,898.0,45.0,1014.0,901.0,23.1,57.8,1.406
19/10/2025,04:00:00,0.97,982.0,4.45,720.0,-200.0,965.0,21.0,1157.0,849.0,19.4,68.0,1.127
19/10/2025,05:00:00,0.62,1020.0,3.61,662.0,61.0,909.0,47.0,954.0,956.0,22.6,-200.0,1.479
19/10/2025,06:00:00,1.32,1065.0,4.85,935.0,110.0,798.0,45.0,1074.0,852.0,19.7,68.2,1.196
19/10/2025,07:00:00,1.9,1170.0,7.69,810.0,191.0,809.0,90.0,1169.0,957.0,19.6,68.5,1.472
19/10/2025,08:00:00,2.37,1314.0,7.21,997.0,180.0,-200.0,109.0,1120.0,1061.0,19.3,69.2,1.4
19/10/2025,09:00:00,2.8,1249.0,-200.0,1121.0,208.0,660.0,107.0,1281.0,923.0,20.4,63.4,1.207
19/10/2025,10:00:00,1.93,1365.0,8.21,977.0,184.0,628.0,88.0,1279.0,-200.0,19.5,73.9,1.323
19/10/2025,11:00:00,1.57,1133.0,7.23,-200.0,153.0,764.0,71.0,1082.0,957.0,17.4,69.8,1.153
19/10/2025,12:00:00,1.16,1122.0,2.98,828.0,100.0,854.0,61.0,1095.0,903.0,-200.0,71.1,1.161
19/10/2025,13:00:00,1.08,1017.0,3.21,766.0,99.0,811.0,-200.0,1065.0,786.0,19.2,65.6,1.034
19/10/2025,14:00:00,0.19,928.0,4.21,706.0,108.0,868.0,55.0,1072.0,854.0,21.8,67.9,-200.0
19/10/2025,15:00:00,0.93,1015.0,5.56,741.0,51.0,817.0,58.0,1214.0,859.0,24.4,60.8,1.343
19/10/2025,16:00:00,0.88,1068.0,5.25,899.0,98.0,793.0,40.0,1056.0,850.0,-200.0,64.3,1.457
19/10/2025,17:00:00,1.79,1059.0,7.84,903.0,142.0,718.0,88.0,1198.0,975.0,25.3,50.5,1.429
19/10/2025,18:00:00,2.74,1256.0,6.63,1043.0,169.0,784.0,99.0,1218.0,1055.0,26.3,49.0,1.305
19/10/2025,19:00:00,2.63,1225.0,8.46,1000.0,213.0,668.0,91.0,1232.0,961.0,27.3,60.3,1.53
19/10/2025,20:00:00,1.92,1291.0,8.75,1092.0,-200.0,710.0,83.0,1226.0,1008.0,29.7,54.5,1.546
19/10/2025,21:00:00,1.69,-200.0,6.89,983.0,154.0,744.0,80.0,1190.0,1008.0,28.4,59.3,1.421
19/10/2025,22:00:00,1.09,1111.0,6.28,833.0,-200.0,839.0,66.0,1099.0,956.0,30.4,53.4,1.605
19/10/2025,23:00:00,-200.0,935.0,3.84,802.0,51.0,989.0,38.0,1064.0,830.0,27.4,49.9,1.421
20/10/2025,00:00:00,0.1,822.0,2.7,784.0,66.0,1042.0,41.0,995.0,859.0,27.5,62.3,1.371
20/10/2025,01:00:00,-200.0,836.0,3.79,645.0,58.0,891.0,42.0,944.0,787.0,26.1,45.9,1.403
20/10/2025,02:00:00,0.44,1024.0,2.39,644.0,58.0,922.0,51.0,1051.0,846.0,25.6,61.4,-200.0
20/10/2025,03:00:00,0.35,1091.0,2.06,729.0,45.0,946.0,40.0,1068.0,764.0,24.7,47.3,1.245
20/10/2025,04:00:00,1.15,1050.0,4.01,655.0,63.0,950.0,20.0,1078.0,731.0,22.6,70.1,1.089
20/10/2025,05:00:00,0.55,884.0,2.99,682.0,87.0,896.0,55.0,1088.0,868.0,25.4,59.9,1.573
20/10/2025,06:00:00,1.01,975.0,7.07,750.0,112.0,879.0,43.0,1052.0,927.0,22.7,65.5,1.466
20/10/2025,07:00:00,2.19,1101.0,4.76,940.0,167.0,791.0,69.0,1108.0,971.0,18.8,63.8,1.423
20/10/2025,08:00:00,2.2,1307.0,8.05,904.0,164.0,691.0,78.0,1280.0,935.0,21.1,72.6,1.412
20/10/2025,09:00:00,2.36,1426.0,10.95,1028.0,172.0,758.0,106.0,-200.0,864.0,20.8,69.1,1.274
20/10/2025,10:00:00,2.07,1315.0,10.78,827.0,146.0,729.0,81.0,1184.0,1028.0,17.2,76.6,1.225
20/10/2025,11:00:00,1.79,1177.0,6.87,956.0,156.0,787.0,92.0,-200.0,1013.0,16.5,65.4,1.167
20/10/2025,12:00:00,1.21,1005.0,6.73,868.0,131.0,-200.0,50.0,1131.0,776.0,20.7,61.2,1.369
20/10/2025,13:00:00,0.8,969.0,5.22,764.0,67.0,821.0,29.0,1064.0,826.0,21.3,62.6,1.372
20/10/2025,14:00:00,0.52,966.0,3.32,818.0,56.0,853.0,45.0,927.0,779.0,18.9,70.8,1.245
20/10/2025,15:00:00,1.0,1039.0,4.86,819.0,128.0,886.0,37.0,1014.0,857.0,24.2,65.2,1.427
20/10/2025,16:00:00,1.17,1030.0,4.37,797.0,142.0,912.0,80.0,-200.0,954.0,25.3,63.2,1.523
20/10/2025,17:00:00,1.68,1189.0,5.1,884.0,179.0,809.0,72.0,-200.0,920.0,25.5,52.2,1.411
20/10/2025,18:00:00,2.39,1277.0,9.02,1064.0,193.0,713.0,108.0,1250.0,953.0,29.9,46.3,1.381
20/10/2025,19:00:00,2.27,1306.0,9.68,1088.0,214.0,653.0,96.0,1167.0,1022.0,28.0,58.4,1.505
20/10/2025,20:00:00,2.2,1237.0,6.99,1001.0,181.0,785.0,98.0,1188.0,864.0,28.2,43.5,1.342
20/10/2025,21:00:00,2.21,1172.0,6.8,835.0,124.0,786.0,-200.0,1071.0,978.0,29.0,50.0,1.398
20/10/2025,22:00:00,1.41,1052.0,3.94,889.0,88.0,664.0,92.0,1104.0,937.0,26.7,47.0,1.463
20/10/2025,23:00:00,0.81,930.0,3.6,771.0,87.0,916.0,38.0,946.0,-200.0,26.9,51.7,1.5
21/10/2025,00:00:00,0.33,953.0,2.48,697.0,79.0,921.0,5.0,995.0,776.0,23.3,44.4,1.375
21/10/2025,01:00:00,0.57,995.0,3.9,544.0,57.0,795.0,43.0,1039.0,-200.0,27.0,59.3,1.34
21/10/2025,02:00:00,0.81,913.0,2.44,732.0,73.0,932.0,28.0,1014.0,786.0,26.6,64.3,1.711
21/10/2025,03:00:00,0.5,907.0,1.63,705.0,62.0,902.0,44.0,1034.0,-200.0,24.4,65.2,1.336
21/10/2025,04:00:00,0.73,976.0,5.51,697.0,77.0,-200.0,44.0,1032.0,729.0,23.0,57.0,-200.0
21/10/2025,05:00:00,0.79,988.0,4.74,721.0,102.0,966.0,45.0,1042.0,861.0,21.3,67.2,1.268
21/10/2025,06:00:00,1.21,1126.0,6.44,844.0,142.0,846.0,59.0,1095.0,859.0,22.7,66.2,1.26
21/10/2025,07:00:00,1.47,1171.0,7.7,957.0,158.0,746.0,85.0,1183.0,933.0,19.4,68.7,1.293
21/10/2025,08:00:00,2.28,1296.0,9.54,995.0,225.0,683.0,90.0,1160.0,-200.0,20.5,78.0,1.265
21/10/2025,09:00:00,2.42,1404.0,-200.0,1081.0,195.0,693.0,-200.0,1226.0,1021.0,-200.0,67.8,1.312
21/10/2025,10:00:00,2.58,1337.0,8.97,952.0,213.0,714.0,88.0,1348.0,1054.0,17.0,73.1,1.175
21/10/2025,11:00:00,1.8,1156.0,7.13,896.0,164.0,799.0,99.0,1195.0,944.0,20.6,59.9,1.325
21/10/2025,12:00:00,1.13,1125.0,4.88,878.0,80.0,810.0,80.0,1175.0,790.0,18.7,67.4,1.2
21/10/2025,13:00:00,1.34,922.0,5.36,753.0,118.0,839.0,35.0,1074.0,843.0,20.6,69.7,1.42
21/10/2025,14:00:00,0.95,948.0,-200.0,847.0,63.0,880.0,49.0,994.0,842.0,22.4,61.8,1.377
21/10/2025,15:00:00,1.02,1036.0,4.44,791.0,85.0,837.0,43.0,1036.0,840.0,25.8,-200.0,1.404
21/10/2025,16:00:00,1.3,1152.0,5.85,776.0,134.0,816.0,49.0,996.0,838.0,24.2,53.4,1.381
21/10/2025,17:00:00,1.81,1120.0,7.52,846.0,138.0,839.0,41.0,1248.0,930.0,26.9,52.7,1.401
21/10/2025,18:00:00,1.99,1259.0,7.2,1059.0,185.0,-200.0,90.0,1279.0,1027.0,25.1,52.3,1.415
21/10/2025,19:00:00,2.36,1300.0,9.24,1017.0,213.0,694.0,97.0,1200.0,984.0,28.0,48.6,1.609
21/10/2025,20:00:00,2.15,1255.0,7.19,1066.0,170.0,681.0,-200.0,1271.0,1056.0,28.0,54.8,1.404
21/10/2025,21:00:00,1.86,1092.0,7.18,902.0,148.0,823.0,92.0,1206.0,897.0,30.8,55.5,1.533
21/10/2025,22:00:00,1.57,1088.0,6.3,851.0,108.0,737.0,70.0,-200.0,822.0,27.6,-200.0,1.376
21/10/2025,23:00:00,1.17,900.0,6.31,749.0,106.0,820.0,60.0,1076.0,826.0,25.9,38.7,1.17
22/10/2025,00:00:00,0.71,968.0,3.69,714.0,91.0,936.0,50.0,1034.0,688.0,26.8,51.3,-200.0
22/10/2025,01:00:00,0.15,982.0,4.04,741.0,38.0,892.0,46.0,1023.0,800.0,25.5,59.2,1.518
22/10/2025,02:00:00,0.48,864.0,1.73,703.0,62.0,943.0,57.0,1011.0,783.0,25.6,56.6,1.456
22/10/2025,03:00:00,0.17,834.0,3.79,745.0,53.0,885.0,26.0,1011.0,843.0,25.9,58.9,1.652
22/10/2025,04:00:00,0.99,928.0,2.11,-200.0,71.0,851.0,39.0,985.0,721.0,22.1,67.3,1.307
22/10/2025,05:00:00,0.9,945.0,5.59,790.0,122.0,856.0,44.0,1102.0,880.0,22.0,69.9,-200.0
22/10/2025,06:00:00,1.26,1045.0,4.09,839.0,123.0,756.0,57.0,1218.0,887.0,20.3,70.1,1.424
22/10/2025,07:00:00,1.6,1170.0,5.8,917.0,141.0,726.0,78.0,1098.0,1019.0,20.4,61.2,1.432
22/10/2025,08:00:00,2.52,1205.0,9.32,884.0,159.0,765.0,114.0,1228.0,971.0,17.7,64.1,1.363
22/10/2025,09:00:00,2.41,1400.0,11.02,958.0,220.0,687.0,111.0,1211.0,1019.0,18.9,72.0,1.17
22/10/2025,10:00:00,2.18,1222.0,9.68,1028.0,177.0,-200.0,109.0,1259.0,1015.0,20.5,59.3,1.241
22/10/2025,11:00:00,1.81,1221.0,6.55,951.0,137.0,774.0,79.0,1191.0,821.0,18.5,76.9,1.105
22/10/2025,12:00:00,1.35,1007.0,4.22,863.0,122.0,741.0,63.0,1108.0,941.0,20.2,67.8,1.5
22/10/2025,13:00:00,0.94,990.0,3.78,775.0,102.0,779.0,60.0,1018.0,-200.0,21.3,61.5,1.235
22/10/2025,14:00:00,1.17,987.0,4.06,687.0,74.0,889.0,54.0,1009.0,760.0,20.4,59.9,1.188
22/10/2025,15:00:00,1.28,-200.0,4.2,719.0,71.0,836.0,58.0,1008.0,839.0,25.0,66.0,1.39
22/10/2025,16:00:00,1.33,1045.0,4.17,724.0,144.0,809.0,92.0,997.0,945.0,24.4,51.1,1.399
22/10/2025,17:00:00,1.58,1136.0,8.52,939.0,166.0,-200.0,87.0,1239.0,914.0,-200.0,45.4,1.494
22/10/2025,18:00:00,2.29,1236.0,9.98,1121.0,206.0,673.0,85.0,1266.0,986.0,28.4,48.0,1.455
22/10/2025,19:00:00,2.23,1260.0,11.26,1045.0,193.0,672.0,92.0,1327.0,890.0,29.4,52.8,1.419
22/10/2025,20:00:00,2.56,1281.0,6.42,974.0,170.0,702.0,104.0,1205.0,933.0,27.0,58.4,-200.0
22/10/2025,21:00:00,2.17,1274.0,6.0,933.0,142.0,785.0,89.0,1195.0,971.0,29.6,56.1,1.431
22/10/2025,22:00:00,1.47,1079.0,5.67,831.0,85.0,803.0,75.0,1048.0,937.0,30.3,48.2,1.644
22/10/2025,23:00:00,0.64,1012.0,4.15,672.0,80.0,830.0,58.0,1014.0,850.0,27.3,52.8,1.445
23/10/2025,00:00:00,0.47,965.0,2.46,714.0,47.0,985.0,28.0,1123.0,832.0,28.7,54.7,1.537
23/10/2025,01:00:00,0.53,873.0,1.98,694.0,59.0,902.0,-200.0,978.0,778.0,27.1,56.1,1.42
23/10/2025,02:00:00,0.38,794.0,1.84,693.0,62.0,931.0,56.0,1058.0,802.0,26.0,47.6,1.237
23/10/2025,03:00:00,0.55,910.0,-200.0,818.0,65.0,805.0,37.0,1021.0,747.0,25.2,58.4,1.569
23/10/2025,04:00:00,0.78,982.0,1.74,721.0,59.0,820.0,49.0,935.0,788.0,21.3,66.5,1.385
23/10/2025,05:00:00,1.06,1097.0,2.28,867.0,-200.0,891.0,54.0,1040.0,837.0,20.0,74.3,1.34
23/10/2025,06:00:00,1.61,999.0,3.94,793.0,86.0,-200.0,59.0,1121.0,793.0,22.2,69.1,1.131
23/10/2025,07:00:00,1.77,1231.0,7.2,848.0,157.0,748.0,66.0,1208.0,1064.0,19.2,74.1,1.269
23/10/2025,08:00:00,2.13,1276.0,8.08,971.0,189.0,672.0,101.0,1118.0,942.0,17.0,74.1,1.393
23/10/2025,09:00:00,2.06,1277.0,9.5,1115.0,172.0,749.0,-200.0,1192.0,1012.0,18.7,68.1,1.404
23/10/2025,10:00:00,2.29,1198.0,7.56,974.0,215.0,752.0,-200.0,1244.0,912.0,19.0,63.0,1.258
23/10/2025,11:00:00,1.66,1130.0,7.08,854.0,169.0,764.0,100.0,1109.0,766.0,20.0,74.3,1.422
23/10/2025,12:00:00,1.25,1095.0,5.51,859.0,96.0,832.0,69.0,1173.0,974.0,19.9,76.3,1.454
23/10/2025,13:00:00,0.83,1060.0,6.18,754.0,96.0,842.0,58.0,1050.0,846.0,24.1,62.9,1.366
23/10/2025,14:00:00,0.72,797.0,6.04,784.0,78.0,836.0,46.0,1067.0,711.0,21.3,68.5,1.459
23/10/2025,15:00:00,1.15,1017.0,4.11,739.0,-200.0,-200.0,34.0,1132.0,787.0,21.1,60.8,1.449
23/10/2025,16:00:00,1.29,1026.0,6.43,790.0,120.0,858.0,69.0,1027.0,994.0,23.1,50.5,1.445
23/10/2025,17:00:00,2.17,1136.0,7.17,1023.0,166.0,748.0,86.0,1193.0,959.0,25.4,55.2,1.501
23/10/2025,18:00:00,1.93,1286.0,9.34,970.0,216.0,722.0,104.0,1234.0,838.0,28.2,50.1,1.377
23/10/2025,19:00:00,2.7,1415.0,9.46,1004.0,206.0,679.0,95.0,1260.0,972.0,28.0,53.6,1.538
23/10/2025,20:00:00,2.08,1218.0,9.29,1041.0,197.0,767.0,89.0,1212.0,-200.0,29.3,52.3,1.474
23/10/2025,21:00:00,1.76,1159.0,7.99,778.0,182.0,735.0,87.0,1175.0,961.0,28.0,46.8,1.369
23/10/2025,22:00:00,1.42,963.0,5.88,878.0,104.0,897.0,49.0,923.0,878.0,29.4,43.8,1.64
23/10/2025,23:00:00,1.18,1003.0,4.31,865.0,68.0,833.0,61.0,1123.0,743.0,25.9,-200.0,1.407
24/10/2025,00:00:00,0.85,859.0,4.25,748.0,73.0,871.0,38.0,920.0,765.0,27.7,60.7,1.478
24/10/2025,01:00:00,0.85,995.0,2.85,643.0,36.0,1000.0,44.0,-200.0,750.0,27.4,49.1,1.461
24/10/2025,02:00:00,0.54,924.0,2.35,662.0,45.0,845.0,68.0,945.0,842.0,23.9,61.0,1.222
24/10/2025,03:00:00,1.08,893.0,1.28,712.0,93.0,-200.0,38.0,946.0,775.0,26.5,63.0,1.4
24/10/2025,04:00:00,0.87,914.0,3.96,747.0,36.0,935.0,46.0,1043.0,785.0,19.9,59.8,1.375
24/10/2025,05:00:00,0.19,998.0,4.98,856.0,93.0,785.0,52.0,1064.0,824.0,22.5,60.8,1.352
24/10/2025,06:00:00,1.31,1099.0,3.3,924.0,86.0,834.0,40.0,1126.0,832.0,21.7,70.0,1.298
24/10/2025,07:00:00,1.69,1094.0,6.23,920.0,161.0,691.0,87.0,1187.0,1015.0,18.3,68.5,1.3
24/10/2025,08:00:00,2.13,1252.0,9.31,986.0,223.0,721.0,66.0,1217.0,1042.0,19.6,67.1,1.4
24/10/2025,09:00:00,2.55,1300.0,-200.0,1007.0,180.0,802.0,109.0,1228.0,1064.0,17.7,72.4,1.09
24/10/2025,10:00:00,2.29,1274.0,8.48,1051.0,144.0,602.0,86.0,1260.0,913.0,19.6,77.8,1.281
24/10/2025,11:00:00,1.61,1243.0,8.07,991.0,160.0,764.0,71.0,1124.0,952.0,19.3,74.9,1.288
24/10/2025,12:00:00,1.69,975.0,5.28,844.0,104.0,797.0,64.0,1107.0,924.0,20.4,67.7,1.486
24/10/2025,13:00:00,0.66,-200.0,4.76,775.0,87.0,806.0,37.0,952.0,787.0,20.6,48.1,1.432
24/10/2025,14:00:00,0.52,982.0,2.61,869.0,88.0,793.0,48.0,1053.0,766.0,21.8,-200.0,1.198
24/10/2025,15:00:00,0.71,956.0,4.72,813.0,101.0,912.0,40.0,1060.0,789.0,22.8,55.0,1.49
24/10/2025,16:00:00,1.42,1109.0,3.8,727.0,128.0,830.0,49.0,1098.0,800.0,26.2,56.4,1.409
24/10/2025,17:00:00,1.87,1142.0,5.42,930.0,-200.0,674.0,77.0,1268.0,990.0,29.0,-200.0,1.318
24/10/2025,18:00:00,2.01,1152.0,7.81,1027.0,195.0,673.0,109.0,-200.0,1033.0,30.9,51.3,1.384
24/10/2025,19:00:00,2.24,1094.0,9.66,1035.0,196.0,673.0,109.0,1305.0,982.0,29.7,56.7,1.631
24/10/2025,20:00:00,2.21,1188.0,8.47,1085.0,180.0,641.0,88.0,1279.0,977.0,28.8,-200.0,1.521
24/10/2025,21:00:00,1.51,1132.0,6.02,913.0,152.0,772.0,78.0,1172.0,895.0,-200.0,48.6,1.411
24/10/2025,22:00:00,1.5,1068.0,6.42,784.0,127.0,834.0,57.0,1117.0,1006.0,29.3,52.7,1.645
24/10/2025,23:00:00,1.33,1012.0,4.53,728.0,74.0,874.0,37.0,1074.0,814.0,27.8,46.1,1.527
25/10/2025,00:00:00,0.55,885.0,4.26,737.0,64.0,1001.0,27.0,1036.0,771.0,30.5,51.2,1.484
25/10/2025,01:00:00,0.68,816.0,1.94,626.0,51.0,853.0,43.0,1005.0,793.0,27.9,48.1,1.489
25/10/2025,02:00:00,0.63,880.0,4.76,675.0,-200.0,875.0,32.0,1034.0,729.0,24.2,60.5,1.295
25/10/2025,03:00:00,0.98,897.0,5.04,-200.0,84.0,869.0,41.0,1010.0,820.0,25.4,61.2,1.608
25/10/2025,04:00:00,1.21,1034.0,4.55,652.0,78.0,928.0,32.0,1044.0,894.0,23.5,72.9,1.252
25/10/2025,05:00:00,0.85,1010.0,4.73,710.0,94.0,899.0,61.0,1103.0,829.0,20.1,56.8,1.173
25/10/2025,06:00:00,1.31,958.0,5.96,745.0,96.0,765.0,-200.0,1059.0,923.0,20.6,71.9,1.331
25/10/2025,07:00:00,2.0,1146.0,-200.0,-200.0,148.0,840.0,98.0,1173.0,824.0,19.6,59.9,1.579
25/10/2025,08:00:00,2.3,1303.0,6.76,987.0,198.0,674.0,110.0,1230.0,928.0,15.3,64.7,1.065
25/10/2025,09:00:00,2.16,1301.0,8.28,1037.0,207.0,743.0,-200.0,1189.0,1005.0,16.9,59.3,1.319
25/10/2025,10:00:00,1.76,1163.0,8.29,965.0,238.0,-200.0,84.0,1309.0,879.0,20.8,70.0,1.323
25/10/2025,11:00:00,1.63,1214.0,5.74,911.0,157.0,787.0,84.0,1116.0,951.0,18.6,70.0,1.312
25/10/2025,12:00:00,1.39,1082.0,7.13,894.0,103.0,803.0,53.0,-200.0,863.0,21.3,65.5,1.441
25/10/2025,13:00:00,0.88,977.0,4.89,794.0,82.0,841.0,56.0,973.0,859.0,23.4,54.1,-200.0
25/10/2025,14:00:00,0.6,912.0,6.05,870.0,64.0,894.0,45.0,948.0,817.0,19.6,59.9,1.266
25/10/2025,15:00:00,0.83,-200.0,5.24,738.0,77.0,883.0,64.0,1034.0,834.0,26.4,60.6,-200.0
25/10/2025,16:00:00,1.77,952.0,3.73,816.0,118.0,855.0,75.0,1124.0,737.0,25.0,52.8,1.541
25/10/2025,17:00:00,1.5,-200.0,8.55,940.0,-200.0,803.0,-200.0,1189.0,873.0,27.1,54.9,1.569
25/10/2025,18:00:00,2.14,1217.0,7.87,987.0,213.0,737.0,72.0,1303.0,1008.0,30.4,58.3,1.396
25/10/2025,19:00:00,2.26,1318.0,10.64,1049.0,218.0,771.0,112.0,1204.0,922.0,29.8,48.5,1.534
25/10/2025,20:00:00,2.7,1179.0,10.22,910.0,204.0,690.0,87.0,1281.0,926.0,28.6,44.9,1.576
25/10/2025,21:00:00,1.41,1132.0,8.59,911.0,148.0,770.0,79.0,-200.0,908.0,28.2,49.6,1.305
25/10/2025,22:00:00,1.1,1037.0,6.66,886.0,134.0,793.0,62.0,1041.0,860.0,28.2,59.4,1.602
25/10/2025,23:00:00,0.95,997.0,4.67,872.0,107.0,984.0,56.0,1032.0,878.0,27.5,53.9,1.443
26/10/2025,00:00:00,0.63,883.0,2.99,780.0,92.0,938.0,33.0,934.0,813.0,29.4,45.4,1.443
26/10/2025,01:00:00,0.87,884.0,5.27,707.0,-200.0,950.0,27.0,1033.0,764.0,27.3,61.8,1.586
26/10/2025,02:00:00,0.86,860.0,3.36,729.0,61.0,921.0,42.0,963.0,707.0,25.6,55.3,1.525
26/10/2025,03:00:00,0.46,975.0,2.68,727.0,48.0,892.0,51.0,1066.0,973.0,23.7,58.8,1.237
26/10/2025,04:00:00,0.8,970.0,3.98,696.0,123.0,1018.0,43.0,1071.0,817.0,23.8,56.1,1.448
26/10/2025,05:00:00,0.89,1014.0,5.53,714.0,83.0,922.0,50.0,1007.0,889.0,18.7,65.7,1.342
26/10/2025,06:00:00,1.19,1011.0,6.7,852.0,141.0,805.0,49.0,1078.0,748.0,23.3,57.3,1.147
26/10/2025,07:00:00,2.04,1134.0,5.67,925.0,-200.0,754.0,86.0,1160.0,912.0,19.3,63.0,1.341
26/10/2025,08:00:00,2.28,1289.0,9.71,1062.0,204.0,731.0,101.0,1307.0,958.0,17.7,72.7,1.214
26/10/2025,09:00:00,2.79,-200.0,9.83,919.0,200.0,673.0,99.0,1193.0,974.0,20.7,70.6,-200.0
26/10/2025,10:00:00,2.33,1205.0,8.0,1006.0,205.0,702.0,82.0,1083.0,1023.0,20.9,65.9,1.232
26/10/2025,11:00:00,2.02,1182.0,5.99,999.0,158.0,691.0,81.0,1140.0,918.0,19.6,67.7,1.303
26/10/2025,12:00:00,0.63,982.0,7.12,872.0,150.0,700.0,66.0,1045.0,857.0,22.5,70.6,1.296
26/10/2025,13:00:00,1.0,974.0,6.13,721.0,96.0,956.0,52.0,962.0,842.0,23.0,66.9,1.297
26/10/2025,14:00:00,0.97,1014.0,5.79,681.0,-200.0,844.0,36.0,1036.0,832.0,23.3,65.9,1.147
26/10/2025,15:00:00,1.11,995.0,2.73,773.0,101.0,842.0,56.0,984.0,777.0,21.5,54.1,1.437
26/10/2025,16:00:00,1.7,998.0,5.15,884.0,116.0,823.0,66.0,-200.0,935.0,25.5,53.9,1.526
26/10/2025,17:00:00,1.94,1194.0,-200.0,960.0,133.0,802.0,85.0,1094.0,901.0,26.5,64.7,1.437
26/10/2025,18:00:00,1.91,1225.0,10.22,1022.0,194.0,758.0,92.0,1403.0,975.0,27.2,50.9,1.48
26/10/2025,19:00:00,2.53,1351.0,9.97,1085.0,188.0,751.0,115.0,1314.0,-200.0,27.8,49.0,1.382
26/10/2025,20:00:00,2.42,1291.0,8.14,1030.0,-200.0,748.0,94.0,1181.0,1140.0,30.0,51.0,1.607
26/10/2025,21:00:00,1.63,1144.0,7.16,964.0,153.0,754.0,96.0,1119.0,958.0,27.1,51.1,1.467
26/10/2025,22:00:00,1.2,1013.0,6.22,890.0,-200.0,884.0,66.0,1087.0,783.0,30.6,45.4,1.519
26/10/2025,23:00:00,1.13,926.0,5.05,743.0,78.0,853.0,38.0,1092.0,823.0,28.3,38.9,1.612
27/10/2025,00:00:00,0.59,1055.0,5.02,651.0,79.0,952.0,50.0,973.0,894.0,26.3,51.3,1.295
27/10/2025,01:00:00,0.87,763.0,4.76,741.0,56.0,823.0,36.0,931.0,788.0,26.1,-200.0,1.227
27/10/2025,02:00:00,0.65,797.0,4.53,674.0,23.0,964.0,35.0,915.0,847.0,25.6,48.6,1.456
27/10/2025,03:00:00,0.1,976.0,2.23,601.0,62.0,851.0,-200.0,1005.0,850.0,26.2,61.3,1.402
27/10/2025,04:00:00,0.74,983.0,2.61,805.0,80.0,812.0,30.0,975.0,776.0,23.8,64.3,-200.0
27/10/2025,05:00:00,0.84,998.0,2.96,781.0,81.0,797.0,30.0,1065.0,942.0,23.3,69.9,1.383
27/10/2025,06:00:00,1.46,938.0,5.88,850.0,110.0,831.0,61.0,971.0,903.0,20.4,61.6,1.344
27/10/2025,07:00:00,1.89,1197.0,6.41,921.0,-200.0,882.0,83.0,1194.0,931.0,19.4,70.5,1.375
27/10/2025,08:00:00,1.98,1202.0,9.13,1062.0,199.0,710.0,105.0,1206.0,971.0,22.0,72.4,1.229
27/10/2025,09:00:00,2.44,1294.0,9.89,979.0,-200.0,694.0,102.0,1145.0,936.0,18.8,77.4,1.235
27/10/2025,10:00:00,2.35,1285.0,8.71,1016.0,197.0,758.0,67.0,1247.0,937.0,18.3,73.9,1.297
27/10/2025,11:00:00,1.9,1196.0,8.07,948.0,147.0,739.0,68.0,-200.0,876.0,18.7,73.9,1.385
27/10/2025,12:00:00,1.56,1021.0,4.67,-200.0,141.0,812.0,49.0,1052.0,1005.0,20.9,67.8,1.409
27/10/2025,13:00:00,0.73,1063.0,2.56,682.0,80.0,839.0,30.0,1093.0,900.0,19.9,62.7,1.248
27/10/2025,14:00:00,0.83,1009.0,3.1,786.0,59.0,968.0,47.0,956.0,775.0,23.0,68.9,1.412
27/10/2025,15:00:00,0.42,929.0,-200.0,752.0,103.0,861.0,59.0,916.0,945.0,24.2,53.7,1.333
27/10/2025,16:00:00,1.61,1032.0,7.65,805.0,126.0,857.0,76.0,-200.0,955.0,26.2,65.0,1.382
27/10/2025,17:00:00,1.82,1120.0,8.79,846.0,161.0,732.0,86.0,1113.0,897.0,-200.0,59.0,1.346
27/10/2025,18:00:00,-200.0,1257.0,8.21,1139.0,203.0,663.0,87.0,1151.0,1010.0,-200.0,51.2,1.327
27/10/2025,19:00:00,2.37,1338.0,10.19,1043.0,180.0,733.0,113.0,1284.0,963.0,27.7,43.4,1.527
27/10/2025,20:00:00,2.34,1150.0,6.79,1029.0,170.0,732.0,92.0,1238.0,1037.0,28.6,50.0,1.565
27/10/2025,21:00:00,2.05,1046.0,8.87,874.0,179.0,-200.0,80.0,1264.0,959.0,27.3,46.8,1.406
27/10/2025,22:00:00,1.24,1008.0,6.04,754.0,124.0,777.0,56.0,-200.0,856.0,26.8,42.4,1.453
27/10/2025,23:00:00,1.05,1058.0,5.15,812.0,78.0,857.0,49.0,1081.0,770.0,29.0,48.5,1.441
28/10/2025,00:00:00,0.7,914.0,0.76,626.0,25.0,836.0,35.0,948.0,796.0,27.1,57.4,1.348
28/10/2025,01:00:00,0.1,995.0,-200.0,772.0,35.0,875.0,24.0,872.0,827.0,27.7,55.0,1.345
28/10/2025,02:00:00,0.43,893.0,5.3,801.0,42.0,826.0,48.0,1120.0,873.0,23.2,-200.0,1.539
28/10/2025,03:00:00,0.75,-200.0,3.55,666.0,52.0,881.0,43.0,1036.0,839.0,23.8,52.2,1.302
28/10/2025,04:00:00,1.04,830.0,3.4,-200.0,77.0,950.0,54.0,1115.0,866.0,25.2,61.7,-200.0
28/10/2025,05:00:00,1.28,927.0,3.9,627.0,59.0,819.0,43.0,977.0,797.0,21.1,72.9,1.36
28/10/2025,06:00:00,1.0,1021.0,4.56,742.0,105.0,778.0,72.0,1159.0,770.0,19.6,67.3,1.173
28/10/2025,07:00:00,2.04,1019.0,7.14,966.0,127.0,759.0,61.0,1183.0,839.0,21.0,66.9,1.363
28/10/2025,08:00:00,2.48,1210.0,7.01,1085.0,178.0,-200.0,101.0,1289.0,964.0,21.0,73.4,1.349
28/10/2025,09:00:00,2.5,1249.0,9.6,1007.0,248.0,738.0,108.0,1285.0,957.0,18.0,76.3,1.259
28/10/2025,10:00:00,1.72,1262.0,9.8,981.0,210.0,655.0,82.0,1212.0,974.0,18.3,76.6,1.223
28/10/2025,11:00:00,1.66,1163.0,6.52,845.0,164.0,642.0,93.0,1183.0,973.0,21.0,-200.0,1.319
28/10/2025,12:00:00,1.35,1080.0,5.93,778.0,106.0,823.0,83.0,1079.0,915.0,20.9,58.9,1.366
28/10/2025,13:00:00,0.93,889.0,4.28,849.0,69.0,941.0,46.0,1104.0,714.0,22.0,70.0,1.254
28/10/2025,14:00:00,0.33,892.0,4.44,770.0,79.0,860.0,66.0,990.0,972.0,23.1,60.6,1.505
28/10/2025,15:00:00,0.92,1042.0,5.45,677.0,59.0,877.0,33.0,1012.0,-200.0,23.9,57.4,1.447
28/10/2025,16:00:00,1.09,1045.0,5.96,872.0,129.0,816.0,62.0,1091.0,896.0,26.8,52.5,1.195
28/10/2025,17:00:00,1.94,1216.0,8.07,1062.0,149.0,805.0,48.0,1203.0,924.0,28.6,57.7,1.449
28/10/2025,18:00:00,2.34,1252.0,9.1,994.0,186.0,705.0,105.0,1229.0,965.0,26.0,57.7,1.633
28/10/2025,19:00:00,2.53,1311.0,10.1,1013.0,167.0,696.0,82.0,1230.0,1061.0,29.7,48.0,1.529
28/10/2025,20:00:00,2.13,1292.0,8.85,1048.0,187.0,802.0,71.0,1289.0,927.0,28.8,53.6,1.403
28/10/2025,21:00:00,1.8,1131.0,7.43,987.0,148.0,825.0,83.0,1201.0,949.0,27.1,55.5,1.505
28/10/2025,22:00:00,1.29,1018.0,6.26,883.0,96.0,786.0,76.0,1071.0,962.0,27.4,52.2,1.237
28/10/2025,23:00:00,1.17,936.0,-200.0,750.0,91.0,828.0,47.0,985.0,849.0,27.7,51.3,1.481
29/10/2025,00:00:00,-200.0,895.0,3.6,677.0,52.0,870.0,42.0,990.0,828.0,29.1,52.2,1.432
29/10/2025,01:00:00,0.41,935.0,2.0,606.0,66.0,844.0,61.0,963.0,723.0,24.9,51.7,1.403
29/10/2025,02:00:00,0.85,878.0,0.92,635.0,73.0,871.0,29.0,955.0,847.0,22.6,61.2,1.219
29/10/2025,03:00:00,0.85,979.0,3.32,728.0,42.0,889.0,30.0,1051.0,825.0,23.6,65.7,1.329
29/10/2025,04:00:00,0.85,1035.0,2.55,697.0,73.0,846.0,58.0,1087.0,810.0,22.0,63.2,1.079
29/10/2025,05:00:00,1.34,924.0,6.52,781.0,89.0,887.0,54.0,1044.0,-200.0,23.1,62.8,1.3
29/10/2025,06:00:00,1.83,1129.0,4.47,825.0,140.0,737.0,81.0,1098.0,816.0,20.8,69.5,1.329
29/10/2025,07:00:00,2.1,1164.0,7.94,935.0,169.0,709.0,64.0,1121.0,1031.0,20.7,64.1,1.426
29/10/2025,08:00:00,2.04,1284.0,7.61,1017.0,179.0,753.0,73.0,1162.0,1139.0,18.6,75.9,1.518
29/10/2025,09:00:00,2.61,1292.0,9.03,1091.0,191.0,-200.0,83.0,1298.0,967.0,17.2,75.7,1.162
29/10/2025,10:00:00,2.25,1334.0,7.13,1062.0,189.0,732.0,103.0,-200.0,1045.0,21.1,72.1,1.373
29/10/2025,11:00:00,1.65,1186.0,5.58,931.0,130.0,726.0,94.0,-200.0,-200.0,18.8,-200.0,1.242
29/10/2025,12:00:00,1.14,1040.0,5.8,829.0,97.0,764.0,77.0,1061.0,813.0,21.4,66.1,1.299
29/10/2025,13:00:00,1.06,961.0,3.87,774.0,81.0,838.0,60.0,1079.0,914.0,20.9,56.3,1.328
29/10/2025,14:00:00,1.08,888.0,4.85,710.0,34.0,933.0,64.0,1026.0,-200.0,23.7,58.8,1.358
29/10/2025,15:00:00,1.33,952.0,5.84,835.0,70.0,883.0,46.0,1020.0,877.0,24.5,63.7,1.576
29/10/2025,16:00:00,1.49,1134.0,-200.0,809.0,109.0,758.0,40.0,1182.0,985.0,25.5,53.5,1.38
29/10/2025,17:00:00,1.94,1230.0,8.29,923.0,208.0,-200.0,60.0,1264.0,962.0,27.1,66.9,1.328
29/10/2025,18:00:00,2.17,1222.0,7.26,1025.0,-200.0,791.0,77.0,1249.0,992.0,27.2,50.4,1.462
29/10/2025,19:00:00,2.45,1234.0,8.6,1067.0,213.0,759.0,77.0,1259.0,947.0,25.8,46.7,1.308
29/10/2025,20:00:00,1.85,1318.0,6.73,1030.0,-200.0,786.0,78.0,1195.0,928.0,29.3,52.0,1.448
29/10/2025,21:00:00,1.93,1190.0,5.32,924.0,161.0,808.0,69.0,1164.0,925.0,30.7,-200.0,1.62
29/10/2025,22:00:00,1.42,939.0,3.03,929.0,94.0,757.0,71.0,1026.0,858.0,28.8,57.2,1.45
29/10/2025,23:00:00,1.42,1149.0,3.66,771.0,56.0,821.0,55.0,1107.0,876.0,27.9,50.1,-200.0
30/10/2025,00:00:00,0.59,901.0,3.07,686.0,88.0,987.0,58.0,992.0,740.0,27.9,48.5,1.438
30/10/2025,01:00:00,0.9,1003.0,2.56,799.0,34.0,883.0,25.0,959.0,758.0,28.0,52.1,1.485
30/10/2025,02:00:00,0.49,913.0,0.89,659.0,91.0,804.0,45.0,982.0,793.0,24.9,63.4,1.328
30/10/2025,03:00:00,1.07,847.0,0.8,807.0,56.0,925.0,57.0,1048.0,810.0,21.8,68.2,1.416
30/10/2025,04:00:00,1.1,942.0,3.47,617.0,54.0,938.0,38.0,1004.0,818.0,22.9,59.6,1.227
30/10/2025,05:00:00,1.23,889.0,5.1,745.0,76.0,858.0,46.0,1001.0,828.0,22.0,64.3,1.261
30/10/2025,06:00:00,1.33,1050.0,5.67,746.0,147.0,849.0,80.0,973.0,836.0,20.7,74.0,1.323
30/10/2025,07:00:00,1.74,1099.0,9.21,857.0,139.0,726.0,75.0,1161.0,964.0,18.9,72.3,1.361
30/10/2025,08:00:00,2.13,1248.0,8.37,1041.0,179.0,696.0,-200.0,1248.0,1045.0,19.7,66.7,1.315
30/10/2025,09:00:00,2.16,1315.0,9.38,1066.0,220.0,-200.0,82.0,1221.0,1017.0,18.7,64.1,1.324
30/10/2025,10:00:00,2.34,1279.0,8.39,982.0,196.0,666.0,114.0,1178.0,949.0,18.5,66.3,1.148
30/10/2025,11:00:00,-200.0,1078.0,6.04,1022.0,194.0,839.0,95.0,1098.0,827.0,-200.0,72.8,1.253
30/10/2025,12:00:00,1.42,1022.0,5.21,903.0,139.0,654.0,53.0,1078.0,972.0,20.7,59.5,1.338
30/10/2025,13:00:00,1.03,868.0,5.3,773.0,76.0,837.0,49.0,987.0,834.0,21.9,65.9,1.344
30/10/2025,14:00:00,0.6,998.0,4.96,653.0,107.0,843.0,34.0,971.0,903.0,21.9,60.6,1.231
30/10/2025,15:00:00,1.25,998.0,4.72,828.0,52.0,887.0,47.0,1025.0,933.0,24.3,56.2,1.302
30/10/2025,16:00:00,1.35,990.0,7.3,814.0,132.0,713.0,45.0,1213.0,924.0,25.9,54.8,1.404
30/10/2025,17:00:00,2.01,1249.0,7.53,948.0,140.0,729.0,58.0,1306.0,985.0,27.3,59.2,1.521
30/10/2025,18:00:00,1.93,1289.0,8.8,1060.0,198.0,690.0,79.0,1296.0,1029.0,28.3,55.5,1.675
30/10/2025,19:00:00,2.21,1294.0,10.8,1028.0,239.0,720.0,112.0,1289.0,-200.0,30.3,56.4,1.397
30/10/2025,20:00:00,2.13,1232.0,7.55,1086.0,153.0,719.0,72.0,1109.0,917.0,29.9,46.1,1.502
30/10/2025,21:00:00,1.85,1126.0,8.68,911.0,171.0,685.0,96.0,1326.0,976.0,32.0,41.5,1.438
30/10/2025,22:00:00,1.28,1011.0,4.2,868.0,-200.0,804.0,-200.0,1122.0,795.0,30.4,51.1,1.505
30/10/2025,23:00:00,1.29,1047.0,3.83,809.0,100.0,823.0,67.0,982.0,817.0,29.8,51.1,1.458
31/10/2025,00:00:00,0.86,917.0,0.8,750.0,40.0,923.0,44.0,1161.0,765.0,25.7,50.3,1.455
31/10/2025,01:00:00,0.42,838.0,3.31,796.0,58.0,887.0,60.0,994.0,832.0,27.6,45.0,1.254
31/10/2025,02:00:00,1.35,980.0,4.63,657.0,42.0,986.0,-200.0,1052.0,814.0,26.6,61.6,1.398
31/10/2025,03:00:00,0.62,904.0,2.02,646.0,72.0,862.0,58.0,987.0,770.0,23.9,45.1,1.39
31/10/2025,04:00:00,1.06,875.0,-200.0,709.0,44.0,856.0,81.0,1053.0,-200.0,19.6,66.0,1.313
31/10/2025,05:00:00,-200.0,1095.0,3.88,934.0,78.0,835.0,48.0,1089.0,946.0,18.0,68.2,-200.0
31/10/2025,06:00:00,1.47,992.0,5.11,912.0,128.0,811.0,63.0,1150.0,836.0,20.0,70.0,1.317
31/10/2025,07:00:00,2.03,1115.0,5.71,901.0,138.0,810.0,69.0,1242.0,922.0,18.9,-200.0,1.403
31/10/2025,08:00:00,1.85,1261.0,8.46,997.0,178.0,698.0,95.0,1235.0,1012.0,16.9,58.1,1.372
31/10/2025,09:00:00,2.84,1319.0,10.88,1049.0,182.0,680.0,102.0,1263.0,1004.0,19.6,61.8,1.271
31/10/2025,10:00:00,2.03,1216.0,7.81,1031.0,191.0,737.0,66.0,1223.0,1014.0,17.5,65.3,1.197
31/10/2025,11:00:00,1.71,1032.0,7.25,967.0,150.0,720.0,87.0,1103.0,993.0,17.2,77.8,1.263
31/10/2025,12:00:00,-200.0,1062.0,5.67,878.0,101.0,851.0,77.0,1046.0,959.0,23.6,71.7,1.452
31/10/2025,13:00:00,0.85,924.0,3.82,841.0,78.0,838.0,42.0,1035.0,846.0,22.3,63.9,1.349
31/10/2025,14:00:00,0.74,939.0,4.24,863.0,84.0,825.0,44.0,1114.0,853.0,22.1,59.4,1.232
31/10/2025,15:00:00,0.69,938.0,3.84,768.0,69.0,765.0,63.0,1082.0,855.0,21.9,60.5,1.434
31/10/2025,16:00:00,1.51,995.0,5.91,829.0,115.0,765.0,53.0,1095.0,831.0,24.0,61.5,1.419
31/10/2025,17:00:00,1.82,1149.0,6.89,912.0,153.0,757.0,89.0,1150.0,943.0,25.6,56.4,-200.0
31/10/2025,18:00:00,2.19,1223.0,6.73,1001.0,189.0,715.0,98.0,1156.0,890.0,26.7,45.8,1.36
31/10/2025,19:00:00,2.65,1250.0,6.84,1070.0,189.0,686.0,128.0,1196.0,1021.0,27.8,58.4,1.481
31/10/2025,20:00:00,2.66,1319.0,5.85,1051.0,198.0,646.0,93.0,1235.0,863.0,-200.0,52.6,1.484
31/10/2025,21:00:00,1.4,1105.0,6.48,1026.0,172.0,757.0,73.0,1166.0,878.0,27.7,47.3,1.431
31/10/2025,22:00:00,1.72,1043.0,6.36,799.0,128.0,743.0,67.0,-200.0,926.0,26.3,52.0,1.331
31/10/2025,23:00:00,0.94,974.0,3.27,787.0,-200.0,798.0,53.0,1035.0,864.0,25.4,57.3,1.435
01/11/2025,00:00:00,0.26,799.0,2.71,654.0,-200.0,954.0,60.0,1034.0,799.0,25.2,54.7,1.362
01/11/2025,01:00:00,0.71,833.0,2.22,723.0,94.0,893.0,59.0,908.0,775.0,25.6,57.1,1.414
01/11/2025,02:00:00,0.58,900.0,2.04,849.0,62.0,920.0,32.0,945.0,754.0,24.8,64.9,1.401
01/11/2025,03:00:00,0.86,905.0,5.79,701.0,70.0,965.0,39.0,1022.0,773.0,24.7,56.7,1.288
01/11/2025,04:00:00,0.77,883.0,2.5,861.0,56.0,880.0,36.0,1020.0,853.0,23.3,-200.0,1.323
01/11/2025,05:00:00,1.03,975.0,2.53,721.0,83.0,908.0,41.0,1092.0,824.0,22.4,62.7,1.308
01/11/2025,06:00:00,1.2,1074.0,4.29,813.0,139.0,839.0,25.0,1169.0,764.0,20.0,71.3,1.307
01/11/2025,07:00:00,1.53,1200.0,7.06,913.0,168.0,730.0,100.0,1239.0,865.0,20.7,73.5,1.361
01/11/2025,08:00:00,2.41,1301.0,7.72,1025.0,180.0,711.0,86.0,1321.0,936.0,16.0,70.5,1.251
01/11/2025,09:00:00,2.27,1373.0,9.34,1042.0,231.0,661.0,95.0,1359.0,985.0,19.9,65.8,1.385
01/11/2025,10:00:00,2.32,1267.0,7.54,1058.0,166.0,749.0,127.0,1204.0,964.0,19.1,78.6,1.298
01/11/2025,11:00:00,2.16,1082.0,6.27,781.0,119.0,816.0,72.0,1304.0,874.0,21.1,62.9,1.522
01/11/2025,12:00:00,1.28,1043.0,4.56,786.0,78.0,750.0,62.0,1274.0,914.0,16.4,64.8,1.268
01/11/2025,13:00:00,1.16,910.0,4.18,880.0,106.0,-200.0,56.0,976.0,734.0,22.9,61.5,1.224
01/11/2025,14:00:00,-200.0,1011.0,4.76,675.0,67.0,850.0,53.0,1002.0,789.0,20.3,67.9,1.267
01/11/2025,15:00:00,0.9,1069.0,5.28,756.0,87.0,814.0,46.0,1076.0,886.0,25.7,59.1,1.733
01/11/2025,16:00:00,0.93,1060.0,7.09,874.0,138.0,806.0,78.0,1114.0,910.0,24.0,65.6,1.247
01/11/2025,17:00:00,1.78,1235.0,5.4,929.0,159.0,784.0,82.0,1065.0,918.0,27.1,59.0,1.49
01/11/2025,18:00:00,2.18,1326.0,7.16,969.0,163.0,782.0,95.0,1169.0,1032.0,27.4,48.3,1.674
01/11/2025,19:00:00,2.18,1318.0,7.9,1074.0,232.0,673.0,92.0,1263.0,1014.0,29.9,49.8,1.374
01/11/2025,20:00:00,1.71,1292.0,8.41,1062.0,180.0,690.0,93.0,1212.0,984.0,29.1,47.7,1.64
01/11/2025,21:00:00,1.37,1222.0,5.68,899.0,151.0,785.0,91.0,1203.0,965.0,31.4,56.9,1.686
01/11/2025,22:00:00,1.76,974.0,4.54,861.0,101.0,817.0,75.0,1216.0,901.0,27.7,54.6,1.429
01/11/2025,23:00:00,0.95,-200.0,4.97,814.0,64.0,-200.0,46.0,973.0,912.0,26.8,43.4,1.249
02/11/2025,00:00:00,0.24,933.0,4.29,760.0,65.0,855.0,31.0,1139.0,785.0,26.6,-200.0,1.494
02/11/2025,01:00:00,0.45,814.0,3.84,721.0,31.0,880.0,51.0,1113.0,787.0,27.4,54.7,1.442
02/11/2025,02:00:00,0.61,1017.0,3.42,796.0,59.0,936.0,44.0,898.0,812.0,26.3,51.0,1.41
02/11/2025,03:00:00,0.76,975.0,2.35,711.0,95.0,949.0,52.0,934.0,806.0,22.1,55.9,1.411
02/11/2025,04:00:00,0.68,996.0,3.48,672.0,86.0,830.0,33.0,995.0,917.0,21.4,61.5,1.332
02/11/2025,05:00:00,1.45,1001.0,5.52,755.0,91.0,821.0,51.0,991.0,867.0,21.9,53.9,1.182
02/11/2025,06:00:00,1.83,1001.0,6.16,905.0,93.0,862.0,74.0,-200.0,839.0,22.3,68.2,1.337
02/11/2025,07:00:00,1.89,1088.0,-200.0,882.0,151.0,743.0,71.0,1203.0,850.0,18.6,-200.0,1.311
02/11/2025,08:00:00,2.13,1255.0,9.55,892.0,170.0,736.0,117.0,1234.0,1067.0,17.0,68.4,1.292
02/11/2025,09:00:00,2.5,1342.0,8.61,1075.0,229.0,688.0,120.0,1272.0,979.0,20.5,70.2,1.44
02/11/2025,10:00:00,1.89,1293.0,9.17,991.0,177.0,719.0,92.0,1217.0,999.0,16.5,68.5,1.039
02/11/2025,11:00:00,2.04,1268.0,6.52,1056.0,137.0,745.0,77.0,1190.0,932.0,-200.0,63.0,1.413
02/11/2025,12:00:00,1.36,1042.0,6.12,855.0,112.0,874.0,68.0,1215.0,925.0,17.2,63.9,1.208
02/11/2025,13:00:00,0.69,-200.0,5.77,844.0,75.0,777.0,55.0,911.0,-200.0,21.3,61.1,1.347
02/11/2025,14:00:00,0.73,-200.0,5.77,726.0,86.0,848.0,64.0,1039.0,837.0,22.2,65.7,1.432
02/11/2025,15:00:00,1.13,917.0,5.01,808.0,127.0,906.0,42.0,1082.0,813.0,-200.0,54.7,1.283
02/11/2025,16:00:00,0.91,1151.0,5.88,861.0,-200.0,807.0,54.0,1094.0,1033.0,27.5,54.6,1.413
02/11/2025,17:00:00,1.57,1150.0,8.64,1008.0,134.0,760.0,83.0,1184.0,891.0,26.4,55.1,1.486
02/11/2025,18:00:00,2.11,1276.0,7.38,1026.0,183.0,765.0,100.0,1297.0,1011.0,27.3,45.3,1.388
02/11/2025,19:00:00,2.64,1349.0,10.74,1021.0,175.0,-200.0,100.0,1219.0,1157.0,27.9,49.1,1.494
02/11/2025,20:00:00,2.65,1216.0,8.57,1073.0,-200.0,759.0,105.0,1358.0,1041.0,27.7,50.5,1.348
02/11/2025,21:00:00,1.89,1181.0,7.13,-200.0,189.0,825.0,96.0,1076.0,931.0,31.7,50.8,1.658
02/11/2025,22:00:00,0.52,1057.0,4.83,793.0,140.0,-200.0,73.0,1136.0,888.0,28.3,52.0,1.542
02/11/2025,23:00:00,0.67,1035.0,2.74,765.0,102.0,836.0,56.0,1047.0,794.0,31.1,47.5,1.448
03/11/2025,00:00:00,1.47,901.0,4.77,682.0,57.0,856.0,37.0,1016.0,892.0,26.3,47.4,1.537
03/11/2025,01:00:00,0.64,729.0,3.49,701.0,57.0,913.0,41.0,1046.0,788.0,26.5,52.6,1.474
03/11/2025,02:00:00,0.1,846.0,-200.0,665.0,56.0,948.0,24.0,964.0,797.0,24.6,58.3,1.298
03/11/2025,03:00:00,1.24,820.0,3.57,770.0,111.0,767.0,27.0,1072.0,757.0,22.8,58.5,1.426
03/11/2025,04:00:00,0.4,1046.0,3.05,787.0,67.0,803.0,60.0,1137.0,798.0,22.4,-200.0,1.421
03/11/2025,05:00:00,1.09,1061.0,2.1,813.0,76.0,755.0,73.0,1030.0,842.0,24.0,76.0,1.223
03/11/2025,06:00:00,1.02,929.0,5.15,878.0,113.0,775.0,47.0,1068.0,939.0,22.4,63.1,1.106
03/11/2025,07:00:00,2.34,1104.0,5.28,830.0,163.0,766.0,86.0,1241.0,-200.0,19.7,62.0,1.255
03/11/2025,08:00:00,1.87,1178.0,8.7,1022.0,117.0,797.0,76.0,1284.0,1041.0,17.1,66.1,1.17
03/11/2025,09:00:00,2.25,1313.0,10.9,1097.0,208.0,630.0,120.0,1156.0,874.0,19.5,74.3,1.355
03/11/2025,10:00:00,2.49,1203.0,7.64,1089.0,135.0,835.0,94.0,1259.0,1057.0,18.4,72.5,1.202
03/11/2025,11:00:00,1.65,1149.0,7.93,921.0,-200.0,789.0,110.0,1212.0,-200.0,18.2,77.6,1.206
03/11/2025,12:00:00,1.44,978.0,4.64,912.0,82.0,843.0,56.0,1097.0,923.0,21.4,62.0,1.511
03/11/2025,13:00:00,1.2,1012.0,4.27,792.0,74.0,888.0,47.0,1144.0,672.0,19.6,63.5,1.419
03/11/2025,14:00:00,0.92,860.0,2.85,611.0,43.0,795.0,54.0,942.0,834.0,22.9,67.7,1.206
03/11/2025,15:00:00,0.71,1136.0,5.04,770.0,126.0,823.0,64.0,925.0,895.0,24.7,54.8,1.53
03/11/2025,16:00:00,1.13,1151.0,7.02,794.0,116.0,764.0,74.0,1164.0,834.0,26.3,63.2,1.584
03/11/2025,17:00:00,1.7,1314.0,7.21,898.0,197.0,795.0,91.0,1117.0,935.0,24.6,55.2,1.379
03/11/2025,18:00:00,2.37,1297.0,9.06,1074.0,-200.0,669.0,91.0,1223.0,1031.0,30.0,48.9,1.464
03/11/2025,19:00:00,2.6,-200.0,9.64,1066.0,225.0,684.0,112.0,1182.0,-200.0,28.7,42.8,1.288
03/11/2025,20:00:00,2.27,1314.0,8.11,987.0,158.0,681.0,121.0,1277.0,895.0,28.8,53.0,1.343
03/11/2025,21:00:00,1.97,1104.0,8.54,894.0,156.0,834.0,89.0,1186.0,987.0,27.0,57.4,1.43
03/11/2025,22:00:00,0.91,1036.0,4.75,862.0,143.0,786.0,54.0,1091.0,973.0,27.6,52.0,1.406
03/11/2025,23:00:00,1.02,1002.0,2.26,757.0,95.0,-200.0,57.0,974.0,905.0,27.8,53.3,1.423
04/11/2025,00:00:00,0.58,969.0,1.9,738.0,53.0,919.0,17.0,990.0,732.0,27.4,54.2,1.487
04/11/2025,01:00:00,0.73,900.0,3.75,655.0,67.0,892.0,49.0,1020.0,741.0,27.0,59.6,1.619
04/11/2025,02:00:00,0.8,936.0,2.57,681.0,70.0,964.0,20.0,970.0,805.0,24.7,63.5,1.338
04/11/2025,03:00:00,0.38,890.0,3.26,647.0,34.0,905.0,50.0,976.0,837.0,26.1,45.6,1.366
04/11/2025,04:00:00,0.71,905.0,3.17,696.0,59.0,894.0,44.0,1020.0,863.0,22.1,61.0,1.331
04/11/2025,05:00:00,1.28,-200.0,4.37,887.0,100.0,901.0,64.0,1088.0,795.0,-200.0,61.9,1.311
04/11/2025,06:00:00,1.39,-200.0,6.68,798.0,133.0,839.0,64.0,1124.0,875.0,22.1,68.0,1.514
04/11/2025,07:00:00,1.77,1135.0,8.8,905.0,157.0,802.0,97.0,1236.0,887.0,18.8,66.7,1.259
04/11/2025,08:00:00,1.92,1184.0,7.25,970.0,178.0,750.0,101.0,1220.0,925.0,17.1,71.9,1.335
04/11/2025,09:00:00,2.54,1264.0,10.12,1040.0,196.0,-200.0,113.0,1311.0,1022.0,18.3,71.7,1.528
04/11/2025,10:00:00,1.88,1278.0,8.65,1012.0,171.0,655.0,90.0,1156.0,976.0,20.5,60.1,1.486
04/11/2025,11:00:00,1.75,1205.0,5.51,999.0,151.0,754.0,75.0,1190.0,958.0,19.7,57.8,1.279
04/11/2025,12:00:00,1.2,1049.0,6.0,818.0,133.0,714.0,47.0,-200.0,849.0,21.4,70.9,1.284
04/11/2025,13:00:00,1.09,1050.0,6.51,782.0,139.0,815.0,39.0,1195.0,880.0,19.5,60.8,1.196
04/11/2025,14:00:00,0.72,1050.0,3.02,650.0,57.0,845.0,50.0,998.0,768.0,20.2,71.2,1.317
04/11/2025,15:00:00,0.91,969.0,4.02,728.0,116.0,917.0,54.0,982.0,818.0,24.8,64.3,1.241
04/11/2025,16:00:00,1.09,1119.0,3.48,900.0,124.0,807.0,69.0,1054.0,819.0,25.8,48.5,1.642
04/11/2025,17:00:00,1.73,1125.0,6.84,885.0,121.0,850.0,72.0,1128.0,948.0,25.1,51.0,1.349
04/11/2025,18:00:00,2.28,1183.0,8.6,1058.0,184.0,738.0,96.0,1250.0,1080.0,25.8,-200.0,1.422
04/11/2025,19:00:00,2.31,1243.0,11.37,999.0,196.0,-200.0,116.0,1174.0,1020.0,28.0,49.1,1.49
04/11/2025,20:00:00,2.14,1209.0,7.29,1006.0,186.0,772.0,99.0,1246.0,-200.0,28.7,49.5,1.357
04/11/2025,21:00:00,1.83,1138.0,8.13,1026.0,174.0,815.0,80.0,1167.0,921.0,27.1,44.5,1.545
04/11/2025,22:00:00,1.56,1177.0,5.73,879.0,155.0,732.0,67.0,1154.0,847.0,28.7,52.1,1.523
04/11/2025,23:00:00,1.13,945.0,6.83,660.0,113.0,893.0,66.0,1085.0,899.0,26.1,51.4,1.397
05/11/2025,00:00:00,0.28,878.0,3.21,877.0,64.0,967.0,42.0,1050.0,823.0,26.5,56.7,1.471
05/11/2025,01:00:00,0.79,910.0,2.95,643.0,67.0,788.0,34.0,1030.0,708.0,-200.0,54.8,1.384
05/11/2025,02:00:00,0.95,823.0,4.05,805.0,102.0,840.0,34.0,1072.0,861.0,25.1,54.3,1.403
05/11/2025,03:00:00,0.82,918.0,3.73,684.0,42.0,938.0,35.0,917.0,757.0,23.0,60.7,1.296
05/11/2025,04:00:00,0.13,970.0,4.58,659.0,95.0,871.0,38.0,932.0,779.0,24.7,64.4,1.408
05/11/2025,05:00:00,1.01,1066.0,4.82,742.0,64.0,931.0,61.0,-200.0,860.0,21.9,65.0,1.383
05/11/2025,06:00:00,1.66,1137.0,3.6,802.0,85.0,864.0,84.0,1104.0,846.0,18.5,73.2,1.189
05/11/2025,07:00:00,1.68,1186.0,7.6,901.0,165.0,805.0,75.0,1104.0,1056.0,21.0,63.2,1.351
05/11/2025,08:00:00,2.95,1247.0,9.01,1019.0,153.0,774.0,83.0,1259.0,967.0,18.8,74.2,1.087
05/11/2025,09:00:00,1.85,1290.0,8.11,1076.0,192.0,655.0,85.0,1172.0,1035.0,20.1,-200.0,1.429
05/11/2025,10:00:00,2.26,1285.0,8.76,1094.0,214.0,700.0,115.0,1209.0,895.0,17.2,72.9,1.124
05/11/2025,11:00:00,1.97,1162.0,4.77,944.0,135.0,861.0,91.0,1165.0,899.0,20.5,58.4,1.141
05/11/2025,12:00:00,1.36,1055.0,5.71,845.0,152.0,798.0,56.0,1135.0,873.0,23.5,65.6,1.322
05/11/2025,13:00:00,1.03,930.0,5.12,736.0,45.0,907.0,55.0,1024.0,898.0,22.3,69.8,1.372
05/11/2025,14:00:00,0.61,1001.0,5.06,737.0,102.0,856.0,66.0,1111.0,771.0,21.8,60.5,1.309
05/11/2025,15:00:00,0.84,1004.0,5.14,748.0,63.0,814.0,52.0,1155.0,909.0,25.7,59.5,-200.0
05/11/2025,16:00:00,1.47,1015.0,4.34,765.0,-200.0,766.0,74.0,1193.0,887.0,24.2,-200.0,1.364
05/11/2025,17:00:00,1.26,1254.0,5.22,1072.0,157.0,791.0,78.0,1274.0,951.0,27.2,43.3,1.427
05/11/2025,18:00:00,2.45,1273.0,9.54,1029.0,181.0,781.0,91.0,-200.0,939.0,30.9,54.3,1.508
05/11/2025,19:00:00,-200.0,1215.0,-200.0,1064.0,195.0,720.0,68.0,1287.0,947.0,27.4,46.5,1.624
05/11/2025,20:00:00,2.36,1317.0,9.0,1083.0,157.0,728.0,89.0,1181.0,861.0,29.6,55.0,1.455
05/11/2025,21:00:00,2.0,1124.0,8.99,790.0,181.0,706.0,73.0,1132.0,949.0,32.0,49.4,1.796
05/11/2025,22:00:00,2.24,1033.0,3.44,961.0,91.0,817.0,70.0,1156.0,913.0,30.3,51.6,1.709
05/11/2025,23:00:00,1.29,965.0,6.31,720.0,62.0,867.0,54.0,941.0,818.0,29.4,45.2,1.374
06/11/2025,00:00:00,0.3,952.0,2.33,651.0,58.0,852.0,42.0,1079.0,713.0,24.6,56.7,1.49
06/11/2025,01:00:00,1.14,897.0,4.0,671.0,46.0,917.0,52.0,964.0,770.0,25.0,54.7,1.345
06/11/2025,02:00:00,0.1,940.0,3.02,756.0,78.0,860.0,12.0,970.0,822.0,26.6,49.7,1.452
06/11/2025,03:00:00,0.53,-200.0,2.73,826.0,53.0,871.0,41.0,1053.0,815.0,23.5,57.2,1.216
06/11/2025,04:00:00,0.78,864.0,1.64,-200.0,71.0,919.0,30.0,1036.0,852.0,21.9,65.7,1.336
06/11/2025,05:00:00,0.86,979.0,3.34,741.0,89.0,938.0,36.0,1023.0,749.0,23.2,65.4,1.65
06/11/2025,06:00:00,1.38,1014.0,5.93,739.0,135.0,893.0,60.0,1044.0,857.0,21.4,70.4,1.257
06/11/2025,07:00:00,1.75,1152.0,7.4,909.0,142.0,757.0,80.0,1075.0,927.0,18.4,66.6,1.351
06/11/2025,08:00:00,2.54,1305.0,9.55,980.0,153.0,743.0,100.0,1096.0,-200.0,20.3,75.4,1.327
06/11/2025,09:00:00,2.28,1252.0,-200.0,960.0,184.0,728.0,105.0,1338.0,967.0,17.5,76.8,1.207
06/11/2025,10:00:00,2.19,1217.0,9.31,1048.0,209.0,747.0,84.0,1213.0,-200.0,16.7,60.6,-200.0
06/11/2025,11:00:00,2.24,1172.0,7.06,932.0,160.0,770.0,77.0,1112.0,880.0,20.1,71.3,1.266
06/11/2025,12:00:00,1.56,933.0,6.17,868.0,109.0,881.0,81.0,1145.0,892.0,18.6,74.4,1.277
06/11/2025,13:00:00,0.95,1047.0,4.91,816.0,91.0,822.0,72.0,1007.0,827.0,19.6,67.1,1.325
06/11/2025,14:00:00,0.99,968.0,3.34,791.0,76.0,809.0,45.0,992.0,811.0,21.1,62.1,1.455
06/11/2025,15:00:00,1.46,992.0,4.6,772.0,106.0,-200.0,54.0,1125.0,976.0,24.2,-200.0,-200.0
06/11/2025,16:00:00,0.98,1028.0,5.96,-200.0,123.0,800.0,53.0,1145.0,862.0,26.4,55.6,1.664
06/11/2025,17:00:00,1.52,1206.0,7.92,905.0,147.0,859.0,92.0,1177.0,909.0,26.0,52.2,1.251
06/11/2025,18:00:00,2.08,1251.0,10.22,981.0,-200.0,693.0,122.0,1192.0,902.0,25.7,57.1,1.363
06/11/2025,19:00:00,2.45,1374.0,8.24,1037.0,224.0,748.0,-200.0,1264.0,1054.0,26.6,-200.0,1.565
06/11/2025,20:00:00,2.47,1158.0,7.01,1045.0,168.0,740.0,108.0,1260.0,950.0,26.4,49.2,1.382
06/11/2025,21:00:00,1.6,-200.0,8.51,969.0,135.0,694.0,-200.0,1181.0,931.0,30.0,45.0,1.527
06/11/2025,22:00:00,1.07,1060.0,3.82,819.0,163.0,847.0,62.0,1172.0,-200.0,27.4,39.4,1.362
06/11/2025,23:00:00,0.62,995.0,5.39,749.0,99.0,825.0,-200.0,988.0,861.0,28.6,54.0,1.34
07/11/2025,00:00:00,0.36,984.0,1.91,772.0,93.0,1016.0,70.0,985.0,851.0,24.8,55.2,1.353
07/11/2025,01:00:00,0.44,819.0,2.25,629.0,78.0,857.0,49.0,1034.0,872.0,28.3,44.3,1.552
07/11/2025,02:00:00,0.1,819.0,2.94,853.0,-200.0,849.0,52.0,967.0,795.0,25.2,59.7,1.354
07/11/2025,03:00:00,0.5,889.0,1.4,692.0,21.0,782.0,39.0,1063.0,772.0,21.6,64.1,1.332
07/11/2025,04:00:00,0.47,817.0,2.29,715.0,46.0,843.0,45.0,1099.0,779.0,21.7,48.6,-200.0
07/11/2025,05:00:00,0.9,1115.0,2.14,787.0,100.0,894.0,37.0,1051.0,839.0,21.7,59.7,1.412
07/11/2025,06:00:00,1.73,1114.0,6.17,867.0,97.0,766.0,73.0,1122.0,893.0,19.1,79.2,1.131
07/11/2025,07:00:00,1.39,1196.0,6.96,896.0,150.0,790.0,75.0,1153.0,962.0,20.1,-200.0,1.301
07/11/2025,08:00:00,2.48,1308.0,8.43,1034.0,204.0,729.0,82.0,1208.0,934.0,21.0,80.9,1.295
07/11/2025,09:00:00,2.82,1376.0,8.93,999.0,203.0,648.0,90.0,1327.0,1007.0,20.3,71.0,1.225
07/11/2025,10:00:00,2.46,1224.0,8.39,983.0,194.0,-200.0,123.0,1175.0,924.0,19.1,75.0,1.413
07/11/2025,11:00:00,1.88,-200.0,6.4,844.0,181.0,717.0,76.0,1215.0,925.0,21.7,-200.0,-200.0
07/11/2025,12:00:00,1.65,1081.0,6.55,848.0,146.0,859.0,68.0,1071.0,957.0,20.7,63.6,1.36
07/11/2025,13:00:00,1.15,956.0,2.18,766.0,89.0,762.0,39.0,1003.0,831.0,21.2,56.9,1.38
07/11/2025,14:00:00,1.15,905.0,2.18,642.0,107.0,903.0,47.0,1098.0,782.0,22.5,65.2,1.32
07/11/2025,15:00:00,1.02,955.0,5.92,738.0,-200.0,817.0,36.0,1096.0,862.0,24.1,55.7,1.585
07/11/2025,16:00:00,1.06,-200.0,5.73,839.0,121.0,822.0,69.0,1061.0,929.0,25.9,52.5,1.47
07/11/2025,17:00:00,2.08,1220.0,4.55,979.0,-200.0,787.0,69.0,1156.0,890.0,25.1,47.1,1.34
07/11/2025,18:00:00,2.88,1185.0,8.8,945.0,184.0,723.0,104.0,1218.0,906.0,29.2,53.0,1.554
07/11/2025,19:00:00,2.31,1289.0,7.09,1033.0,196.0,799.0,79.0,1264.0,955.0,30.2,55.1,1.466
07/11/2025,20:00:00,2.23,1258.0,9.97,955.0,164.0,695.0,87.0,1196.0,956.0,32.5,49.1,1.518
07/11/2025,21:00:00,1.82,1081.0,8.07,971.0,-200.0,696.0,94.0,1270.0,1016.0,26.4,48.3,1.549
07/11/2025,22:00:00,-200.0,1085.0,7.88,801.0,83.0,926.0,82.0,1032.0,802.0,28.8,57.9,1.54
07/11/2025,23:00:00,0.73,970.0,3.79,796.0,84.0,877.0,52.0,957.0,745.0,27.1,-200.0,1.558
08/11/2025,00:00:00,0.68,844.0,1.54,680.0,61.0,904.0,35.0,993.0,815.0,28.4,61.9,1.23
08/11/2025,01:00:00,0.58,872.0,2.36,-200.0,75.0,1008.0,41.0,881.0,-200.0,28.3,48.2,1.511
08/11/2025,02:00:00,0.62,935.0,2.42,698.0,37.0,830.0,65.0,955.0,747.0,25.3,56.8,1.568
08/11/2025,03:00:00,0.65,968.0,3.61,643.0,70.0,888.0,38.0,968.0,841.0,23.5,61.8,-200.0
08/11/2025,04:00:00,0.71,951.0,1.26,788.0,82.0,827.0,45.0,1020.0,820.0,-200.0,67.5,1.366
08/11/2025,05:00:00,0.75,1091.0,4.14,867.0,86.0,853.0,39.0,1036.0,894.0,21.2,57.0,1.311
08/11/2025,06:00:00,1.42,1125.0,4.15,873.0,124.0,746.0,56.0,1113.0,919.0,21.0,67.9,1.402
08/11/2025,07:00:00,1.87,1198.0,6.35,896.0,158.0,769.0,85.0,1119.0,866.0,20.2,65.6,1.26
08/11/2025,08:00:00,2.0,1219.0,10.07,1017.0,134.0,717.0,105.0,1203.0,888.0,21.4,74.6,1.418
08/11/2025,09:00:00,2.5,1368.0,10.2,1066.0,182.0,-200.0,104.0,1285.0,1062.0,18.7,66.9,1.256
08/11/2025,10:00:00,2.07,1215.0,9.29,1075.0,229.0,603.0,104.0,1089.0,974.0,20.5,60.0,1.593
08/11/2025,11:00:00,1.96,1210.0,7.74,922.0,166.0,803.0,68.0,1191.0,1098.0,18.3,70.5,1.313
08/11/2025,12:00:00,1.31,914.0,5.09,863.0,104.0,805.0,51.0,972.0,933.0,18.5,66.9,1.511
08/11/2025,13:00:00,1.09,957.0,4.24,683.0,98.0,985.0,62.0,1055.0,919.0,23.0,73.9,1.436
08/11/2025,14:00:00,0.92,877.0,2.02,766.0,95.0,843.0,43.0,1069.0,778.0,23.3,67.4,-200.0
08/11/2025,15:00:00,0.97,969.0,2.81,728.0,121.0,822.0,39.0,1072.0,839.0,23.2,55.6,-200.0
08/11/2025,16:00:00,1.4,968.0,5.56,843.0,108.0,825.0,66.0,1063.0,925.0,23.9,62.3,1.428
08/11/2025,17:00:00,2.0,1167.0,5.63,875.0,141.0,703.0,81.0,1181.0,928.0,25.8,55.5,1.197
08/11/2025,18:00:00,2.25,1289.0,9.24,1038.0,176.0,778.0,92.0,1169.0,983.0,27.8,56.5,1.565
08/11/2025,19:00:00,2.43,1261.0,8.94,1085.0,189.0,-200.0,-200.0,1333.0,1013.0,28.6,47.5,1.499
08/11/2025,20:00:00,2.13,1242.0,8.05,1003.0,174.0,676.0,117.0,1275.0,941.0,26.6,48.4,1.499
08/11/2025,21:00:00,1.34,1178.0,6.24,884.0,156.0,807.0,91.0,1108.0,884.0,27.1,53.2,1.515
08/11/2025,22:00:00,1.32,1055.0,5.91,870.0,107.0,832.0,69.0,1181.0,869.0,29.0,54.0,1.362
08/11/2025,23:00:00,-200.0,1057.0,4.96,853.0,86.0,871.0,68.0,1060.0,815.0,29.2,40.8,1.504
09/11/2025,00:00:00,0.46,859.0,1.95,806.0,97.0,832.0,42.0,932.0,752.0,26.3,55.8,1.439
09/11/2025,01:00:00,0.39,933.0,-200.0,722.0,41.0,948.0,38.0,1070.0,793.0,24.4,50.8,1.274
09/11/2025,02:00:00,0.43,918.0,2.81,718.0,68.0,847.0,33.0,1100.0,729.0,25.3,58.6,1.563
09/11/2025,03:00:00,0.48,814.0,3.53,636.0,41.0,809.0,32.0,991.0,847.0,20.7,51.7,1.512
09/11/2025,04:00:00,0.86,935.0,3.82,799.0,89.0,903.0,56.0,1041.0,848.0,22.1,67.0,1.315
09/11/2025,05:00:00,1.03,971.0,-200.0,639.0,109.0,851.0,33.0,1047.0,876.0,22.4,68.4,1.41
09/11/2025,06:00:00,1.34,1028.0,6.22,904.0,98.0,809.0,57.0,1133.0,833.0,20.1,62.9,1.307
09/11/2025,07:00:00,2.09,1271.0,6.81,933.0,139.0,801.0,75.0,1213.0,879.0,17.3,70.7,1.221
09/11/2025,08:00:00,2.99,1338.0,6.74,882.0,200.0,704.0,77.0,1285.0,1053.0,21.4,69.5,1.294
09/11/2025,09:00:00,2.53,1254.0,10.6,1069.0,195.0,613.0,95.0,1139.0,989.0,19.0,73.0,1.164
09/11/2025,10:00:00,2.45,1299.0,9.59,1007.0,215.0,703.0,95.0,1194.0,1012.0,19.5,62.7,1.336
09/11/2025,11:00:00,1.86,1210.0,5.32,907.0,129.0,782.0,92.0,1224.0,869.0,21.0,62.6,1.266
09/11/2025,12:00:00,1.48,1069.0,5.62,826.0,138.0,829.0,58.0,1058.0,-200.0,20.2,63.4,1.374
09/11/2025,13:00:00,0.58,920.0,5.86,774.0,135.0,848.0,54.0,1075.0,909.0,21.1,64.7,1.286
09/11/2025,14:00:00,0.2,903.0,3.54,752.0,89.0,990.0,31.0,983.0,838.0,24.5,70.7,1.282
09/11/2025,15:00:00,0.46,1018.0,5.22,694.0,77.0,940.0,38.0,1095.0,829.0,22.8,60.9,1.295
09/11/2025,16:00:00,1.17,1091.0,6.74,863.0,101.0,-200.0,41.0,-200.0,911.0,26.7,62.1,1.477
09/11/2025,17:00:00,2.13,1148.0,7.3,911.0,150.0,699.0,92.0,1202.0,950.0,24.8,50.6,1.369
09/11/2025,18:00:00,2.29,1340.0,10.98,1103.0,200.0,786.0,90.0,1249.0,1095.0,26.4,50.1,1.344
09/11/2025,19:00:00,2.3,1390.0,9.78,1097.0,170.0,753.0,103.0,1166.0,1002.0,28.8,48.0,-200.0
09/11/2025,20:00:00,2.37,1350.0,8.53,1069.0,180.0,794.0,100.0,1351.0,1016.0,31.0,49.3,1.391
09/11/2025,21:00:00,1.88,1254.0,6.77,1034.0,155.0,745.0,89.0,1087.0,925.0,29.2,53.3,1.622
09/11/2025,22:00:00,0.97,1057.0,5.31,879.0,146.0,-200.0,88.0,1248.0,825.0,26.7,48.7,1.554
09/11/2025,23:00:00,1.06,897.0,3.47,759.0,124.0,773.0,51.0,918.0,861.0,29.4,49.8,1.584
10/11/2025,00:00:00,0.81,881.0,1.67,559.0,57.0,907.0,31.0,1004.0,719.0,26.3,55.8,1.51
10/11/2025,01:00:00,-200.0,-200.0,1.93,-200.0,38.0,868.0,48.0,916.0,855.0,27.4,52.5,1.379
10/11/2025,02:00:00,0.59,865.0,2.87,797.0,64.0,860.0,69.0,1099.0,729.0,25.7,53.5,1.366
10/11/2025,03:00:00,1.07,887.0,4.11,758.0,67.0,941.0,35.0,945.0,756.0,21.7,58.3,1.535
10/11/2025,04:00:00,0.63,861.0,3.85,-200.0,94.0,877.0,35.0,953.0,-200.0,23.2,71.7,1.478
10/11/2025,05:00:00,1.53,1019.0,4.35,770.0,78.0,903.0,21.0,1050.0,872.0,19.6,69.4,1.351
10/11/2025,06:00:00,1.16,1156.0,7.91,-200.0,95.0,816.0,39.0,1184.0,-200.0,22.5,76.6,1.301
10/11/2025,07:00:00,1.95,-200.0,8.99,948.0,152.0,795.0,97.0,1239.0,960.0,-200.0,62.1,1.165
10/11/2025,08:00:00,2.29,1276.0,7.32,988.0,179.0,654.0,92.0,1212.0,943.0,18.9,71.6,1.17
10/11/2025,09:00:00,2.77,1290.0,9.85,1129.0,193.0,651.0,86.0,1231.0,994.0,17.6,68.1,1.19
10/11/2025,10:00:00,2.56,-200.0,6.99,1022.0,169.0,742.0,94.0,1257.0,951.0,21.3,68.1,1.307
10/11/2025,11:00:00,1.53,1247.0,7.3,946.0,128.0,852.0,111.0,1162.0,1061.0,17.3,61.0,1.272
10/11/2025,12:00:00,1.24,1141.0,3.76,795.0,128.0,843.0,64.0,1105.0,789.0,24.0,73.6,1.508
10/11/2025,13:00:00,1.52,972.0,3.57,753.0,95.0,858.0,76.0,1045.0,870.0,21.0,56.9,1.541
10/11/2025,14:00:00,0.9,1033.0,4.66,689.0,65.0,945.0,38.0,1074.0,830.0,21.9,-200.0,1.496
10/11/2025,15:00:00,1.19,996.0,3.75,853.0,107.0,846.0,70.0,1081.0,800.0,-200.0,58.0,1.286
10/11/2025,16:00:00,1.05,1016.0,4.11,812.0,79.0,780.0,57.0,1192.0,902.0,25.2,52.9,-200.0
10/11/2025,17:00:00,1.73,1156.0,6.15,941.0,145.0,768.0,71.0,1128.0,880.0,25.2,50.2,1.318
10/11/2025,18:00:00,2.05,1363.0,7.28,931.0,191.0,738.0,83.0,1187.0,921.0,26.4,53.2,-200.0
10/11/2025,19:00:00,2.63,1343.0,9.5,982.0,222.0,637.0,96.0,1244.0,937.0,27.6,49.5,-200.0
10/11/2025,20:00:00,2.41,1230.0,9.85,1002.0,175.0,726.0,106.0,1213.0,985.0,27.8,50.4,1.417
10/11/2025,21:00:00,2.1,1221.0,6.73,914.0,175.0,681.0,74.0,1217.0,899.0,30.2,40.1,1.504
10/11/2025,22:00:00,1.04,1101.0,6.6,852.0,102.0,806.0,77.0,1035.0,831.0,29.0,40.0,1.513
10/11/2025,23:00:00,1.08,958.0,3.46,878.0,103.0,854.0,43.0,1124.0,857.0,29.0,42.2,1.548
11/11/2025,00:00:00,0.61,855.0,2.88,-200.0,94.0,898.0,39.0,983.0,859.0,26.9,56.9,1.575
11/11/2025,01:00:00,0.1,834.0,5.15,754.0,40.0,-200.0,34.0,1071.0,722.0,27.5,62.2,1.482
11/11/2025,02:00:00,0.73,804.0,2.82,730.0,64.0,904.0,62.0,1153.0,-200.0,24.3,56.1,1.377
11/11/2025,03:00:00,0.97,870.0,4.43,674.0,74.0,939.0,48.0,1068.0,834.0,22.6,63.7,1.406
11/11/2025,04:00:00,1.13,920.0,2.59,703.0,46.0,-200.0,48.0,1056.0,885.0,21.9,64.3,1.33
11/11/2025,05:00:00,0.94,1052.0,4.12,829.0,95.0,934.0,48.0,1115.0,822.0,23.6,70.8,1.425
11/11/2025,06:00:00,1.52,1107.0,4.34,835.0,104.0,822.0,57.0,-200.0,964.0,19.6,73.1,1.286
11/11/2025,07:00:00,1.93,1176.0,7.05,914.0,136.0,892.0,68.0,1181.0,964.0,18.9,62.5,1.409
11/11/2025,08:00:00,2.03,1148.0,8.7,958.0,178.0,682.0,110.0,1185.0,877.0,19.5,70.6,1.43
11/11/2025,09:00:00,2.18,1318.0,9.91,1004.0,190.0,664.0,81.0,1213.0,1017.0,18.8,74.3,1.269
11/11/2025,10:00:00,2.21,1162.0,7.72,949.0,202.0,720.0,90.0,1244.0,979.0,17.5,74.0,1.471
11/11/2025,11:00:00,1.73,1218.0,6.78,-200.0,153.0,809.0,-200.0,1171.0,987.0,17.9,72.5,-200.0
11/11/2025,12:00:00,1.34,1114.0,6.83,797.0,-200.0,852.0,44.0,1126.0,945.0,21.6,66.9,1.386
11/11/2025,13:00:00,0.88,989.0,2.84,710.0,79.0,738.0,-200.0,1062.0,790.0,19.7,68.4,1.451
11/11/2025,14:00:00,0.93,1009.0,0.94,763.0,91.0,822.0,39.0,1021.0,880.0,24.0,55.5,1.595
11/11/2025,15:00:00,0.72,1047.0,3.51,731.0,87.0,895.0,53.0,1109.0,836.0,23.3,53.1,1.496
11/11/2025,16:00:00,1.7,1067.0,6.14,925.0,91.0,775.0,62.0,-200.0,841.0,21.8,65.0,1.381
11/11/2025,17:00:00,1.34,1156.0,7.08,934.0,185.0,761.0,53.0,1181.0,1012.0,27.5,60.4,1.424
11/11/2025,18:00:00,2.2,1181.0,7.27,1027.0,189.0,738.0,102.0,1294.0,954.0,28.7,60.8,1.519
11/11/2025,19:00:00,2.35,1279.0,9.09,1061.0,184.0,724.0,88.0,1293.0,-200.0,29.2,-200.0,1.556
11/11/2025,20:00:00,2.19,1201.0,7.97,1047.0,194.0,763.0,88.0,1224.0,976.0,28.1,45.5,1.517
11/11/2025,21:00:00,1.58,1104.0,5.09,971.0,173.0,831.0,80.0,1058.0,961.0,28.5,49.1,1.459
11/11/2025,22:00:00,0.93,1014.0,4.96,840.0,98.0,853.0,68.0,1078.0,952.0,28.1,60.0,1.399
11/11/2025,23:00:00,1.0,859.0,5.04,711.0,88.0,800.0,57.0,1175.0,927.0,27.2,47.1,1.477
12/11/2025,00:00:00,0.55,959.0,2.67,692.0,81.0,929.0,50.0,985.0,850.0,28.0,52.1,1.404
12/11/2025,01:00:00,0.7,914.0,1.19,704.0,63.0,954.0,-200.0,1000.0,707.0,26.2,61.1,1.266
12/11/2025,02:00:00,0.2,972.0,5.11,612.0,72.0,921.0,46.0,1012.0,881.0,24.6,57.8,1.313
12/11/2025,03:00:00,1.07,958.0,1.95,593.0,58.0,960.0,42.0,-200.0,838.0,22.9,58.1,1.323
12/11/2025,04:00:00,0.72,960.0,3.9,660.0,39.0,897.0,38.0,980.0,875.0,22.9,66.4,1.288
12/11/2025,05:00:00,0.18,1024.0,5.15,660.0,82.0,855.0,55.0,-200.0,822.0,23.4,62.6,1.398
12/11/2025,06:00:00,1.36,1067.0,5.87,811.0,104.0,779.0,75.0,1123.0,-200.0,20.6,69.5,1.194
12/11/2025,07:00:00,1.67,1243.0,6.69,889.0,150.0,869.0,69.0,1062.0,985.0,17.6,56.6,1.144
12/11/2025,08:00:00,1.94,1230.0,6.23,1021.0,175.0,667.0,111.0,1073.0,1091.0,19.1,60.9,1.415
12/11/2025,09:00:00,2.71,1299.0,10.41,1089.0,203.0,700.0,114.0,1218.0,1011.0,19.7,68.8,1.394
12/11/2025,10:00:00,2.46,1244.0,7.01,1032.0,179.0,702.0,99.0,1153.0,912.0,20.2,76.3,1.341
12/11/2025,11:00:00,1.88,1286.0,8.14,956.0,169.0,701.0,65.0,1184.0,965.0,20.4,67.8,1.454
12/11/2025,12:00:00,-200.0,1022.0,6.74,892.0,128.0,864.0,90.0,1078.0,870.0,20.7,66.8,1.247
12/11/2025,13:00:00,1.11,1064.0,2.83,758.0,-200.0,882.0,56.0,1082.0,785.0,25.6,66.2,1.49
12/11/2025,14:00:00,0.48,879.0,2.42,610.0,106.0,882.0,51.0,1067.0,-200.0,20.9,60.5,1.304
12/11/2025,15:00:00,1.04,992.0,3.82,680.0,76.0,825.0,54.0,994.0,869.0,26.2,52.0,1.578
12/11/2025,16:00:00,1.63,1049.0,6.51,868.0,94.0,848.0,71.0,1078.0,938.0,26.1,60.9,1.45
12/11/2025,17:00:00,2.05,1104.0,6.26,943.0,174.0,754.0,91.0,1133.0,906.0,29.9,56.3,-200.0
12/11/2025,18:00:00,1.96,1221.0,8.53,1054.0,174.0,744.0,94.0,1282.0,956.0,25.4,-200.0,1.548
12/11/2025,19:00:00,2.45,1330.0,8.4,1206.0,202.0,772.0,85.0,1239.0,994.0,30.6,45.8,1.477
12/11/2025,20:00:00,1.94,1241.0,9.35,1028.0,161.0,597.0,107.0,1301.0,1077.0,31.3,58.0,1.412
12/11/2025,21:00:00,1.83,1107.0,6.21,926.0,145.0,-200.0,70.0,1244.0,1006.0,28.8,47.9,1.631
12/11/2025,22:00:00,1.12,1112.0,4.5,857.0,113.0,940.0,52.0,1091.0,910.0,27.6,57.5,1.518
12/11/2025,23:00:00,0.73,975.0,2.91,702.0,79.0,948.0,51.0,1012.0,867.0,31.5,40.8,1.447
13/11/2025,00:00:00,0.69,920.0,1.73,742.0,50.0,939.0,35.0,948.0,783.0,26.3,50.8,1.419
13/11/2025,01:00:00,0.42,966.0,4.28,691.0,-200.0,-200.0,45.0,1043.0,843.0,28.1,62.6,-200.0
13/11/2025,02:00:00,0.41,995.0,2.61,795.0,81.0,856.0,47.0,996.0,747.0,27.5,56.7,1.365
13/11/2025,03:00:00,0.73,773.0,2.0,620.0,45.0,907.0,36.0,962.0,831.0,23.8,47.7,1.293
13/11/2025,04:00:00,0.37,924.0,1.45,727.0,20.0,877.0,46.0,1073.0,703.0,22.5,57.8,1.343
13/11/2025,05:00:00,0.86,876.0,3.82,733.0,112.0,838.0,-200.0,-200.0,748.0,24.1,66.4,1.485
13/11/2025,06:00:00,0.93,1221.0,4.38,779.0,102.0,870.0,73.0,1042.0,773.0,20.0,74.2,1.387
13/11/2025,07:00:00,1.45,1174.0,5.76,966.0,141.0,758.0,86.0,1187.0,-200.0,18.8,67.2,1.225
13/11/2025,08:00:00,2.52,1319.0,7.48,998.0,175.0,627.0,103.0,1261.0,972.0,15.1,75.1,1.289
13/11/2025,09:00:00,2.3,1262.0,9.15,1123.0,173.0,722.0,97.0,1352.0,926.0,20.7,72.0,1.466
13/11/2025,10:00:00,2.04,1240.0,7.02,987.0,178.0,718.0,-200.0,1216.0,1114.0,18.6,67.6,1.19
13/11/2025,11:00:00,2.01,1231.0,6.61,910.0,147.0,802.0,86.0,1166.0,890.0,20.8,72.6,1.394
13/11/2025,12:00:00,1.73,1091.0,6.47,951.0,125.0,799.0,73.0,1140.0,909.0,20.2,71.9,1.31
13/11/2025,13:00:00,1.05,1087.0,3.63,701.0,79.0,771.0,61.0,1130.0,800.0,23.5,63.6,1.346
13/11/2025,14:00:00,1.13,910.0,2.63,710.0,32.0,821.0,48.0,1062.0,874.0,24.8,59.0,1.4
13/11/2025,15:00:00,0.85,973.0,5.56,606.0,63.0,811.0,39.0,1067.0,842.0,22.5,51.9,1.435
13/11/2025,16:00:00,1.34,1091.0,5.3,816.0,138.0,768.0,70.0,1067.0,839.0,24.6,59.5,1.269
13/11/2025,17:00:00,1.79,1205.0,-200.0,970.0,136.0,739.0,85.0,1146.0,859.0,27.4,52.1,1.451
13/11/2025,18:00:00,2.3,1286.0,9.04,1038.0,197.0,756.0,81.0,1217.0,941.0,29.6,55.5,-200.0
13/11/2025,19:00:00,2.64,1221.0,8.9,1058.0,186.0,631.0,110.0,1292.0,945.0,28.5,52.8,1.475
13/11/2025,20:00:00,1.86,1204.0,8.49,-200.0,203.0,764.0,96.0,1252.0,883.0,-200.0,52.1,1.468
13/11/2025,21:00:00,1.57,1185.0,-200.0,921.0,155.0,704.0,78.0,1124.0,973.0,29.5,-200.0,1.419
13/11/2025,22:00:00,1.19,965.0,4.36,-200.0,86.0,802.0,66.0,1150.0,940.0,27.5,44.0,1.642
13/11/2025,23:00:00,0.7,923.0,6.38,767.0,63.0,860.0,63.0,1038.0,801.0,-200.0,53.7,1.194
14/11/2025,00:00:00,0.66,902.0,1.75,710.0,30.0,885.0,59.0,991.0,686.0,27.3,57.1,1.505
14/11/2025,01:00:00,0.66,854.0,3.09,681.0,78.0,931.0,39.0,1046.0,820.0,28.0,66.6,1.521
14/11/2025,02:00:00,0.63,916.0,5.13,704.0,36.0,893.0,38.0,1055.0,810.0,28.0,54.4,1.471
14/11/2025,03:00:00,0.54,904.0,3.97,703.0,56.0,887.0,49.0,1027.0,750.0,22.6,54.8,1.384
14/11/2025,04:00:00,1.07,883.0,3.8,689.0,69.0,-200.0,28.0,1131.0,812.0,23.8,56.8,1.443
14/11/2025,05:00:00,1.0,931.0,3.19,771.0,91.0,882.0,-200.0,935.0,687.0,21.8,64.7,1.287
14/11/2025,06:00:00,1.27,1135.0,4.62,768.0,106.0,915.0,47.0,1157.0,879.0,19.7,71.1,-200.0
14/11/2025,07:00:00,1.81,1188.0,6.6,942.0,121.0,743.0,63.0,1105.0,924.0,18.2,73.1,1.236
14/11/2025,08:00:00,2.41,1276.0,8.82,955.0,162.0,753.0,113.0,1224.0,1053.0,19.5,77.5,1.341
14/11/2025,09:00:00,2.45,1303.0,-200.0,1049.0,179.0,659.0,75.0,1251.0,1014.0,18.1,71.9,1.317
14/11/2025,10:00:00,2.01,1206.0,8.55,1041.0,133.0,769.0,110.0,1223.0,985.0,19.7,63.7,1.193
14/11/2025,11:00:00,2.23,1131.0,6.29,881.0,161.0,793.0,98.0,1112.0,1041.0,18.2,69.9,1.261
14/11/2025,12:00:00,1.44,-200.0,5.29,897.0,126.0,801.0,68.0,1019.0,837.0,18.8,56.6,1.219
14/11/2025,13:00:00,0.7,948.0,4.92,874.0,69.0,835.0,60.0,939.0,761.0,23.1,63.3,1.273
14/11/2025,14:00:00,0.42,923.0,4.31,717.0,-200.0,902.0,30.0,1026.0,880.0,23.0,60.5,1.317
14/11/2025,15:00:00,1.16,1019.0,4.0,768.0,88.0,859.0,47.0,1063.0,901.0,24.3,62.3,1.278
14/11/2025,16:00:00,1.64,1024.0,4.06,907.0,133.0,758.0,68.0,1136.0,939.0,24.5,59.6,1.215
14/11/2025,17:00:00,1.91,1212.0,8.27,833.0,168.0,691.0,84.0,1236.0,920.0,27.6,51.3,-200.0
14/11/2025,18:00:00,2.38,1245.0,8.1,1018.0,184.0,749.0,99.0,1276.0,941.0,27.3,49.4,1.544
14/11/2025,19:00:00,2.56,1309.0,9.29,1033.0,159.0,662.0,104.0,1310.0,932.0,29.5,51.7,-200.0
14/11/2025,20:00:00,2.22,1259.0,-200.0,1065.0,190.0,721.0,94.0,1166.0,932.0,28.1,52.7,1.56
14/11/2025,21:00:00,1.37,1207.0,6.13,918.0,163.0,797.0,65.0,1232.0,850.0,27.4,53.7,1.53
14/11/2025,22:00:00,1.14,1130.0,5.96,863.0,102.0,761.0,68.0,1122.0,855.0,27.7,-200.0,1.372
14/11/2025,23:00:00,1.14,917.0,2.63,722.0,90.0,811.0,38.0,970.0,930.0,29.0,51.1,1.401
15/11/2025,00:00:00,-200.0,1006.0,1.61,-200.0,59.0,981.0,36.0,1065.0,770.0,26.1,47.7,1.282
15/11/2025,01:00:00,0.55,-200.0,4.82,639.0,-200.0,879.0,57.0,948.0,807.0,29.2,49.9,1.512
15/11/2025,02:00:00,0.47,891.0,4.03,750.0,59.0,950.0,22.0,940.0,831.0,23.3,47.7,1.42
15/11/2025,03:00:00,0.69,878.0,3.65,713.0,53.0,1021.0,40.0,1099.0,785.0,23.8,56.8,1.379
15/11/2025,04:00:00,0.65,1021.0,2.17,597.0,78.0,897.0,55.0,1034.0,795.0,24.5,69.0,1.316
15/11/2025,05:00:00,0.92,913.0,4.41,770.0,75.0,819.0,59.0,986.0,-200.0,21.9,72.1,1.334
15/11/2025,06:00:00,1.34,1101.0,5.28,872.0,101.0,827.0,67.0,1067.0,-200.0,19.9,69.9,1.371
15/11/2025,07:00:00,1.6,-200.0,6.44,864.0,120.0,758.0,72.0,-200.0,994.0,21.4,73.7,1.39
15/11/2025,08:00:00,2.42,1310.0,8.3,969.0,230.0,723.0,110.0,1154.0,1112.0,17.8,73.7,1.31
15/11/2025,09:00:00,2.36,1289.0,7.28,1055.0,191.0,736.0,85.0,1242.0,952.0,18.6,70.9,1.306
15/11/2025,10:00:00,2.35,1238.0,5.93,988.0,164.0,761.0,102.0,1217.0,972.0,16.7,57.5,1.352
15/11/2025,11:00:00,1.81,1124.0,7.33,950.0,165.0,667.0,82.0,1330.0,923.0,21.0,80.0,1.225
15/11/2025,12:00:00,1.71,1056.0,5.6,829.0,120.0,879.0,55.0,1013.0,853.0,21.3,-200.0,1.268
15/11/2025,13:00:00,1.12,965.0,4.6,703.0,101.0,871.0,48.0,969.0,819.0,22.3,63.9,1.256
15/11/2025,14:00:00,0.97,871.0,4.83,881.0,94.0,841.0,71.0,1004.0,907.0,22.9,69.9,1.32
15/11/2025,15:00:00,1.08,939.0,4.91,757.0,-200.0,894.0,39.0,1016.0,849.0,24.1,60.8,1.531
15/11/2025,16:00:00,-200.0,1108.0,7.19,847.0,95.0,767.0,43.0,1103.0,1017.0,25.5,70.0,1.336
15/11/2025,17:00:00,1.78,1141.0,8.39,1029.0,156.0,717.0,72.0,1138.0,910.0,27.0,50.8,1.367
15/11/2025,18:00:00,2.26,1213.0,8.48,1063.0,155.0,773.0,99.0,1277.0,1063.0,27.7,58.1,1.287
15/11/2025,19:00:00,2.43,1303.0,9.19,1080.0,194.0,703.0,117.0,1256.0,1097.0,26.9,50.1,1.504
15/11/2025,20:00:00,1.73,1290.0,8.68,1074.0,200.0,798.0,94.0,1168.0,976.0,25.4,50.8,1.407
15/11/2025,21:00:00,-200.0,1204.0,5.13,962.0,135.0,733.0,60.0,1152.0,-200.0,32.1,45.6,1.683
15/11/2025,22:00:00,1.56,1078.0,6.47,868.0,160.0,836.0,65.0,1083.0,927.0,27.9,47.2,1.598
15/11/2025,23:00:00,1.07,1049.0,4.85,798.0,87.0,881.0,62.0,1117.0,808.0,28.1,57.8,1.351
16/11/2025,00:00:00,0.98,903.0,1.01,691.0,24.0,920.0,44.0,1053.0,892.0,29.2,55.5,1.478
16/11/2025,01:00:00,0.8,886.0,4.87,760.0,74.0,931.0,46.0,1044.0,756.0,27.0,57.1,1.568
16/11/2025,02:00:00,0.74,955.0,2.52,739.0,105.0,922.0,18.0,959.0,773.0,23.1,49.2,1.29
16/11/2025,03:00:00,0.87,867.0,3.0,582.0,19.0,896.0,25.0,1025.0,777.0,22.3,52.0,-200.0
16/11/2025,04:00:00,0.83,-200.0,3.28,773.0,85.0,788.0,43.0,950.0,828.0,24.0,58.0,1.133
16/11/2025,05:00:00,0.87,881.0,3.94,723.0,67.0,905.0,65.0,1088.0,856.0,22.4,63.0,1.343
16/11/2025,06:00:00,1.28,1167.0,8.24,851.0,114.0,702.0,54.0,1172.0,-200.0,19.7,66.6,1.232
16/11/2025,07:00:00,1.19,1290.0,6.66,840.0,126.0,706.0,82.0,1041.0,926.0,19.6,70.2,1.399
16/11/2025,08:00:00,2.62,1250.0,8.02,984.0,-200.0,684.0,96.0,1221.0,919.0,19.2,74.8,1.247
16/11/2025,09:00:00,2.35,-200.0,9.02,1030.0,194.0,745.0,87.0,1246.0,1064.0,19.4,-200.0,1.37
16/11/2025,10:00:00,1.96,1303.0,7.39,1045.0,209.0,708.0,85.0,-200.0,1019.0,19.8,70.6,1.349
16/11/2025,11:00:00,1.7,1177.0,7.33,900.0,132.0,861.0,79.0,-200.0,913.0,19.1,64.4,1.207
16/11/2025,12:00:00,1.76,1133.0,4.42,721.0,112.0,750.0,60.0,1065.0,870.0,21.5,70.7,1.42
16/11/2025,13:00:00,1.01,910.0,4.9,749.0,44.0,802.0,63.0,1065.0,807.0,22.4,-200.0,1.403
16/11/2025,14:00:00,0.94,949.0,2.66,732.0,133.0,757.0,44.0,1075.0,779.0,24.0,64.9,1.23
16/11/2025,15:00:00,1.51,861.0,3.59,810.0,129.0,800.0,64.0,1067.0,784.0,25.2,66.0,1.456
16/11/2025,16:00:00,1.53,1000.0,4.2,848.0,160.0,788.0,60.0,1154.0,829.0,26.4,55.5,1.382
16/11/2025,17:00:00,1.72,1068.0,6.34,890.0,183.0,841.0,80.0,1208.0,985.0,25.8,62.3,1.464
16/11/2025,18:00:00,1.8,1151.0,6.27,1031.0,174.0,772.0,104.0,1196.0,1037.0,27.3,45.8,1.473
16/11/2025,19:00:00,2.56,1270.0,6.07,1151.0,199.0,-200.0,99.0,1253.0,925.0,27.1,55.0,1.543
16/11/2025,20:00:00,2.05,1283.0,8.02,1080.0,192.0,704.0,89.0,1260.0,1019.0,29.1,47.1,1.578
16/11/2025,21:00:00,1.96,-200.0,5.13,827.0,160.0,806.0,-200.0,1119.0,865.0,27.8,51.1,1.378
16/11/2025,22:00:00,1.3,1025.0,7.45,974.0,93.0,885.0,74.0,1059.0,921.0,29.5,52.0,1.44
16/11/2025,23:00:00,1.05,933.0,3.72,832.0,-200.0,829.0,55.0,962.0,843.0,30.1,49.6,1.478
17/11/2025,00:00:00,0.82,909.0,3.85,787.0,33.0,873.0,14.0,1072.0,771.0,27.5,49.7,1.558
17/11/2025,01:00:00,0.17,864.0,3.38,617.0,52.0,878.0,31.0,1132.0,825.0,25.7,50.8,1.374
17/11/2025,02:00:00,0.64,842.0,1.76,679.0,54.0,812.0,32.0,962.0,875.0,26.0,58.8,1.454
17/11/2025,03:00:00,0.64,966.0,2.64,741.0,54.0,956.0,48.0,1042.0,702.0,25.5,63.2,1.502
17/11/2025,04:00:00,0.81,878.0,4.34,665.0,76.0,856.0,22.0,1095.0,878.0,21.6,71.7,1.337
17/11/2025,05:00:00,1.07,900.0,4.96,796.0,59.0,847.0,55.0,979.0,795.0,21.7,63.7,1.507
17/11/2025,06:00:00,1.35,1102.0,6.41,928.0,98.0,894.0,71.0,1121.0,957.0,-200.0,59.4,1.265
17/11/2025,07:00:00,1.63,1064.0,6.18,913.0,137.0,741.0,87.0,1247.0,980.0,19.3,71.0,1.34
17/11/2025,08:00:00,1.94,1335.0,9.11,1109.0,-200.0,783.0,93.0,1211.0,919.0,19.9,61.0,1.339
17/11/2025,09:00:00,2.0,1238.0,-200.0,-200.0,-200.0,613.0,81.0,1247.0,968.0,16.5,-200.0,1.244
17/11/2025,10:00:00,2.25,1266.0,9.63,914.0,193.0,748.0,91.0,1310.0,1007.0,19.7,73.4,-200.0
17/11/2025,11:00:00,1.92,1105.0,8.15,884.0,134.0,745.0,97.0,1142.0,985.0,22.4,63.6,1.32
17/11/2025,12:00:00,1.24,1061.0,3.76,901.0,117.0,741.0,57.0,1068.0,906.0,21.3,59.1,1.152
17/11/2025,13:00:00,1.2,955.0,4.63,719.0,75.0,800.0,79.0,1045.0,865.0,21.6,60.7,1.282
17/11/2025,14:00:00,0.84,902.0,2.59,812.0,66.0,877.0,59.0,1149.0,795.0,20.9,65.2,1.31
17/11/2025,15:00:00,0.97,-200.0,5.29,809.0,98.0,809.0,51.0,1104.0,845.0,23.5,56.2,1.6
17/11/2025,16:00:00,0.96,1028.0,4.05,858.0,103.0,839.0,67.0,1135.0,876.0,25.8,61.1,1.491
17/11/2025,17:00:00,1.68,1194.0,7.36,900.0,151.0,730.0,84.0,1200.0,850.0,26.6,59.7,1.33
17/11/2025,18:00:00,2.45,1301.0,9.3,1032.0,181.0,639.0,87.0,1161.0,999.0,25.7,-200.0,1.434
17/11/2025,19:00:00,2.75,1257.0,9.08,1143.0,177.0,748.0,95.0,1286.0,980.0,28.7,55.8,1.516
17/11/2025,20:00:00,2.18,1218.0,9.45,994.0,175.0,734.0,118.0,1203.0,1056.0,27.5,56.4,1.461
17/11/2025,21:00:00,2.01,1154.0,7.32,965.0,141.0,-200.0,98.0,1157.0,997.0,28.1,52.8,1.465
17/11/2025,22:00:00,1.66,1058.0,7.25,948.0,108.0,854.0,59.0,1087.0,889.0,30.2,53.1,1.448
17/11/2025,23:00:00,0.71,976.0,2.83,781.0,51.0,868.0,42.0,1108.0,899.0,28.0,48.5,1.496
18/11/2025,00:00:00,0.68,874.0,2.54,673.0,45.0,878.0,21.0,-200.0,834.0,26.6,63.1,1.457
18/11/2025,01:00:00,0.65,879.0,0.7,673.0,78.0,880.0,66.0,-200.0,799.0,25.0,50.1,1.468
18/11/2025,02:00:00,0.88,885.0,2.68,588.0,70.0,966.0,53.0,1070.0,723.0,24.2,55.2,1.468
18/11/2025,03:00:00,0.43,765.0,1.72,642.0,55.0,911.0,56.0,1001.0,796.0,23.2,64.7,1.444
18/11/2025,04:00:00,0.81,906.0,-200.0,745.0,47.0,954.0,38.0,1071.0,797.0,24.0,60.7,1.391
18/11/2025,05:00:00,0.88,1024.0,2.28,820.0,89.0,885.0,44.0,1072.0,832.0,21.5,63.5,1.313
18/11/2025,06:00:00,1.42,1141.0,4.8,815.0,135.0,833.0,53.0,1068.0,866.0,22.3,60.3,1.42
18/11/2025,07:00:00,2.1,1235.0,7.27,984.0,183.0,730.0,42.0,1134.0,-200.0,17.9,66.3,1.176
18/11/2025,08:00:00,2.59,1266.0,8.98,1065.0,176.0,728.0,-200.0,1219.0,1047.0,21.1,81.7,1.075
18/11/2025,09:00:00,2.71,1229.0,10.2,1008.0,179.0,751.0,104.0,1278.0,973.0,18.8,68.2,1.102
18/11/2025,10:00:00,1.98,1228.0,9.55,983.0,196.0,724.0,-200.0,1262.0,-200.0,18.8,76.1,1.089
18/11/2025,11:00:00,1.67,1119.0,5.62,858.0,160.0,864.0,72.0,1351.0,879.0,19.3,66.2,-200.0
18/11/2025,12:00:00,1.57,976.0,4.51,881.0,116.0,871.0,72.0,1140.0,948.0,23.9,61.7,1.39
18/11/2025,13:00:00,1.14,930.0,4.53,776.0,78.0,797.0,45.0,983.0,896.0,20.8,61.1,1.394
18/11/2025,14:00:00,0.81,917.0,4.16,802.0,55.0,846.0,58.0,1120.0,768.0,25.8,66.2,1.468
18/11/2025,15:00:00,0.76,903.0,5.95,772.0,104.0,891.0,62.0,1097.0,762.0,25.3,49.1,1.51
18/11/2025,16:00:00,0.35,1116.0,5.06,789.0,134.0,743.0,74.0,1097.0,848.0,23.6,65.9,1.486
18/11/2025,17:00:00,1.39,1202.0,7.9,975.0,-200.0,762.0,81.0,1106.0,1031.0,25.1,57.4,1.496
18/11/2025,18:00:00,-200.0,1258.0,8.24,907.0,221.0,673.0,84.0,1216.0,1003.0,27.8,51.1,1.553
18/11/2025,19:00:00,2.33,1323.0,9.43,1031.0,205.0,702.0,86.0,-200.0,987.0,28.5,47.4,1.634
18/11/2025,20:00:00,2.33,1279.0,8.88,973.0,183.0,673.0,68.0,1262.0,-200.0,28.2,47.7,1.673
18/11/2025,21:00:00,1.94,1121.0,6.94,1015.0,129.0,820.0,89.0,1254.0,-200.0,28.2,55.8,1.471
18/11/2025,22:00:00,1.88,1166.0,4.2,934.0,81.0,796.0,43.0,1184.0,863.0,31.2,42.5,1.677
18/11/2025,23:00:00,0.75,930.0,4.48,790.0,77.0,895.0,50.0,1067.0,907.0,28.6,51.1,1.413
19/11/2025,00:00:00,0.11,800.0,3.77,668.0,67.0,825.0,43.0,818.0,778.0,-200.0,58.6,1.412
19/11/2025,01:00:00,0.37,910.0,3.14,795.0,107.0,884.0,27.0,953.0,787.0,26.7,44.9,1.599
19/11/2025,02:00:00,1.03,936.0,0.1,664.0,62.0,835.0,39.0,-200.0,819.0,25.4,54.3,1.417
19/11/2025,03:00:00,0.65,892.0,2.93,632.0,75.0,955.0,45.0,1098.0,743.0,27.2,52.4,1.278
19/11/2025,04:00:00,0.99,1005.0,4.27,617.0,54.0,846.0,41.0,1057.0,833.0,-200.0,56.1,1.251
19/11/2025,05:00:00,0.8,987.0,2.97,773.0,-200.0,857.0,57.0,1042.0,793.0,25.4,66.1,1.332
19/11/2025,06:00:00,1.19,1009.0,6.65,744.0,117.0,839.0,58.0,1074.0,851.0,21.6,70.3,1.215
19/11/2025,07:00:00,1.36,1129.0,6.23,1010.0,134.0,730.0,76.0,1237.0,911.0,18.7,66.6,1.327
19/11/2025,08:00:00,2.14,1270.0,-200.0,984.0,213.0,660.0,83.0,1178.0,960.0,21.0,62.2,1.234
19/11/2025,09:00:00,2.4,1305.0,9.25,979.0,197.0,709.0,98.0,1179.0,1006.0,18.9,65.7,1.25
19/11/2025,10:00:00,2.44,-200.0,7.31,1077.0,208.0,623.0,94.0,1150.0,976.0,21.5,71.6,1.268
19/11/2025,11:00:00,1.93,1215.0,8.07,980.0,153.0,835.0,69.0,1179.0,-200.0,18.7,68.5,1.137
19/11/2025,12:00:00,1.82,966.0,6.92,932.0,110.0,813.0,69.0,1058.0,887.0,18.1,61.2,1.13
19/11/2025,13:00:00,0.95,976.0,2.97,682.0,75.0,783.0,23.0,1120.0,793.0,21.7,62.6,1.424
19/11/2025,14:00:00,0.93,886.0,3.68,648.0,74.0,857.0,62.0,1043.0,712.0,24.9,66.5,1.431
19/11/2025,15:00:00,0.98,1074.0,6.57,861.0,119.0,886.0,36.0,976.0,843.0,23.1,61.0,1.041
19/11/2025,16:00:00,1.15,1002.0,6.73,686.0,98.0,779.0,77.0,1091.0,842.0,26.2,52.2,1.36
19/11/2025,17:00:00,1.9,1177.0,5.04,865.0,166.0,670.0,87.0,1113.0,958.0,25.5,56.3,-200.0
19/11/2025,18:00:00,2.15,-200.0,9.81,1019.0,180.0,713.0,106.0,1223.0,950.0,29.0,50.1,1.536
19/11/2025,19:00:00,2.82,1181.0,4.89,977.0,212.0,-200.0,86.0,1320.0,896.0,27.8,48.1,1.668
19/11/2025,20:00:00,2.03,1185.0,9.15,1027.0,190.0,731.0,92.0,1221.0,974.0,29.2,51.0,1.459
19/11/2025,21:00:00,1.71,1150.0,5.94,868.0,126.0,788.0,83.0,1130.0,990.0,28.5,44.5,1.508
19/11/2025,22:00:00,1.0,1092.0,5.92,909.0,119.0,869.0,69.0,1130.0,-200.0,27.7,48.1,1.366
19/11/2025,23:00:00,1.03,1008.0,4.45,807.0,130.0,941.0,62.0,1027.0,760.0,25.4,56.6,1.254
20/11/2025,00:00:00,0.27,820.0,3.16,715.0,66.0,765.0,48.0,1036.0,766.0,25.6,65.3,1.448
20/11/2025,01:00:00,0.6,919.0,3.71,681.0,79.0,833.0,46.0,1024.0,-200.0,26.1,46.4,-200.0
20/11/2025,02:00:00,0.32,960.0,2.44,645.0,67.0,907.0,46.0,942.0,791.0,26.0,53.0,1.686
20/11/2025,03:00:00,0.4,940.0,2.43,701.0,79.0,909.0,50.0,931.0,773.0,26.8,65.7,1.377
20/11/2025,04:00:00,0.54,909.0,-200.0,659.0,56.0,807.0,45.0,1001.0,719.0,21.9,56.3,1.296
20/11/2025,05:00:00,1.13,979.0,4.16,872.0,84.0,823.0,65.0,1076.0,831.0,20.5,-200.0,1.319
20/11/2025,06:00:00,1.29,1067.0,4.68,856.0,133.0,907.0,63.0,-200.0,958.0,18.5,76.1,1.364
20/11/2025,07:00:00,1.76,1248.0,6.76,884.0,146.0,750.0,59.0,1101.0,896.0,21.0,65.0,1.405
20/11/2025,08:00:00,2.36,1363.0,8.09,1102.0,208.0,730.0,109.0,1169.0,912.0,20.0,68.4,1.134
20/11/2025,09:00:00,2.24,1339.0,8.59,1047.0,180.0,790.0,106.0,1312.0,1078.0,19.7,63.6,1.424
20/11/2025,10:00:00,1.73,1264.0,8.94,1093.0,187.0,724.0,92.0,1240.0,1086.0,19.7,73.1,1.277
20/11/2025,11:00:00,-200.0,1163.0,-200.0,1007.0,148.0,807.0,81.0,1158.0,910.0,19.1,59.7,1.014
20/11/2025,12:00:00,1.25,1065.0,7.23,864.0,169.0,848.0,82.0,1143.0,893.0,22.5,63.6,1.35
20/11/2025,13:00:00,0.98,999.0,4.56,706.0,82.0,840.0,54.0,1131.0,855.0,20.3,58.5,1.205
20/11/2025,14:00:00,1.01,929.0,1.7,721.0,90.0,850.0,67.0,1103.0,879.0,22.0,61.0,1.458
20/11/2025,15:00:00,0.95,1104.0,4.62,973.0,50.0,916.0,59.0,1015.0,782.0,22.5,69.3,1.384
20/11/2025,16:00:00,1.58,1013.0,4.29,810.0,93.0,819.0,60.0,1129.0,879.0,25.1,59.3,1.51
20/11/2025,17:00:00,1.88,1243.0,6.94,918.0,159.0,717.0,64.0,1236.0,873.0,25.3,56.2,1.526
20/11/2025,18:00:00,1.87,1129.0,8.23,990.0,181.0,774.0,95.0,1211.0,999.0,26.6,54.4,1.386
20/11/2025,19:00:00,1.76,1283.0,9.81,998.0,195.0,557.0,116.0,1275.0,1083.0,26.5,51.2,1.456
20/11/2025,20:00:00,1.97,1240.0,9.21,1054.0,180.0,799.0,87.0,1193.0,999.0,27.4,56.8,1.562
20/11/2025,21:00:00,1.83,1178.0,7.23,858.0,149.0,758.0,84.0,1111.0,886.0,26.6,53.9,1.454
20/11/2025,22:00:00,1.4,1036.0,7.66,792.0,81.0,821.0,82.0,1126.0,934.0,29.4,43.8,1.405
20/11/2025,23:00:00,0.92,1060.0,3.28,784.0,85.0,866.0,30.0,1106.0,805.0,27.0,56.2,1.585
21/11/2025,00:00:00,0.63,886.0,4.64,686.0,56.0,966.0,45.0,1049.0,826.0,30.0,54.1,1.502
21/11/2025,01:00:00,0.93,839.0,4.68,709.0,82.0,908.0,47.0,923.0,758.0,27.9,57.3,1.38
21/11/2025,02:00:00,0.61,845.0,3.44,701.0,-200.0,898.0,45.0,1083.0,728.0,25.4,47.4,1.6
21/11/2025,03:00:00,0.73,881.0,3.7,644.0,7.0,848.0,21.0,1044.0,763.0,24.9,60.0,1.207
21/11/2025,04:00:00,1.14,974.0,4.59,807.0,56.0,849.0,35.0,1090.0,-200.0,24.0,61.9,1.313
21/11/2025,05:00:00,0.49,1031.0,3.77,830.0,123.0,894.0,26.0,995.0,779.0,20.8,61.5,1.258
21/11/2025,06:00:00,1.74,986.0,4.76,786.0,133.0,832.0,48.0,1153.0,-200.0,20.2,72.4,1.391
21/11/2025,07:00:00,1.15,1117.0,6.42,958.0,162.0,852.0,90.0,1207.0,-200.0,21.3,60.5,1.291
21/11/2025,08:00:00,2.02,1197.0,8.76,989.0,176.0,679.0,90.0,1153.0,-200.0,20.9,84.8,1.249
21/11/2025,09:00:00,2.26,1283.0,8.44,1110.0,215.0,642.0,110.0,1280.0,-200.0,17.8,64.4,1.361
21/11/2025,10:00:00,1.82,1319.0,7.55,1063.0,156.0,735.0,103.0,1167.0,928.0,22.6,72.0,1.43
21/11/2025,11:00:00,1.75,1175.0,5.73,-200.0,141.0,763.0,66.0,1170.0,910.0,17.6,69.7,1.224
21/11/2025,12:00:00,1.31,1093.0,4.23,788.0,123.0,760.0,66.0,1243.0,879.0,17.0,72.9,1.264
21/11/2025,13:00:00,1.17,1031.0,3.53,701.0,102.0,831.0,34.0,1075.0,752.0,24.1,73.4,1.269
21/11/2025,14:00:00,1.05,925.0,3.17,651.0,85.0,905.0,52.0,1035.0,888.0,23.8,60.4,1.353
21/11/2025,15:00:00,1.03,909.0,4.42,923.0,98.0,791.0,58.0,969.0,837.0,24.3,60.9,1.379
21/11/2025,16:00:00,1.6,1025.0,4.47,890.0,119.0,763.0,61.0,1122.0,845.0,26.5,55.3,1.301
21/11/2025,17:00:00,1.95,1214.0,7.57,1000.0,146.0,731.0,60.0,1161.0,984.0,25.5,50.2,1.244
21/11/2025,18:00:00,2.14,1297.0,10.77,937.0,213.0,684.0,76.0,1109.0,907.0,24.9,53.1,1.359
21/11/2025,19:00:00,2.43,1305.0,10.5,1085.0,237.0,740.0,131.0,1189.0,1002.0,27.7,51.2,1.559
21/11/2025,20:00:00,2.06,1318.0,7.14,921.0,185.0,692.0,102.0,1283.0,925.0,27.8,50.4,1.514
21/11/2025,21:00:00,1.48,1173.0,6.61,957.0,129.0,849.0,76.0,1247.0,863.0,27.5,48.1,1.39
21/11/2025,22:00:00,1.42,1038.0,3.84,839.0,111.0,769.0,75.0,1107.0,-200.0,27.9,52.0,1.718
21/11/2025,23:00:00,0.57,882.0,-200.0,751.0,89.0,880.0,69.0,1113.0,845.0,27.4,55.2,1.342
22/11/2025,00:00:00,0.55,976.0,3.3,670.0,16.0,898.0,55.0,1006.0,852.0,26.8,46.9,1.492
22/11/2025,01:00:00,0.1,895.0,3.22,765.0,87.0,900.0,38.0,959.0,772.0,27.1,58.1,1.389
22/11/2025,02:00:00,0.63,875.0,1.78,673.0,48.0,776.0,36.0,1138.0,745.0,26.1,65.2,1.544
22/11/2025,03:00:00,0.46,904.0,2.37,783.0,47.0,840.0,51.0,925.0,633.0,24.4,53.6,1.378
22/11/2025,04:00:00,0.88,1020.0,4.6,724.0,64.0,877.0,42.0,1048.0,798.0,18.9,63.4,1.254
22/11/2025,05:00:00,0.89,1036.0,4.63,788.0,77.0,763.0,66.0,1013.0,747.0,20.0,67.3,-200.0
22/11/2025,06:00:00,1.28,1036.0,4.33,868.0,116.0,675.0,65.0,1090.0,884.0,19.0,71.0,1.263
22/11/2025,07:00:00,1.8,1193.0,5.43,957.0,168.0,706.0,89.0,1265.0,861.0,21.5,73.1,-200.0
22/11/2025,08:00:00,2.07,1334.0,8.32,1028.0,-200.0,736.0,107.0,1232.0,1006.0,17.9,75.7,1.247
22/11/2025,09:00:00,2.26,1321.0,8.85,1168.0,216.0,724.0,84.0,1235.0,1113.0,16.2,70.7,0.96
22/11/2025,10:00:00,2.08,1268.0,6.87,1078.0,167.0,658.0,96.0,1197.0,1136.0,20.2,64.7,1.52
22/11/2025,11:00:00,1.76,1040.0,6.61,791.0,151.0,757.0,94.0,1203.0,950.0,-200.0,66.9,1.348
22/11/2025,12:00:00,1.18,1135.0,4.82,829.0,118.0,841.0,54.0,1047.0,880.0,24.2,74.3,1.354
22/11/2025,13:00:00,1.1,925.0,3.59,857.0,96.0,923.0,46.0,1064.0,805.0,19.4,60.6,1.425
22/11/2025,14:00:00,0.43,848.0,3.39,708.0,91.0,934.0,63.0,1034.0,787.0,22.4,65.2,1.251
22/11/2025,15:00:00,0.61,878.0,4.62,776.0,92.0,902.0,71.0,1011.0,793.0,22.4,-200.0,1.258
22/11/2025,16:00:00,1.79,1009.0,5.51,845.0,114.0,793.0,22.0,1018.0,962.0,23.7,60.5,1.233
22/11/2025,17:00:00,1.68,1194.0,8.48,1020.0,171.0,765.0,94.0,1172.0,911.0,25.3,59.6,1.385
22/11/2025,18:00:00,1.97,1330.0,8.65,958.0,184.0,723.0,66.0,1207.0,1099.0,25.9,52.8,1.352
22/11/2025,19:00:00,2.39,1321.0,9.97,1000.0,219.0,689.0,99.0,1267.0,949.0,28.6,50.8,1.443
22/11/2025,20:00:00,2.42,-200.0,6.82,1043.0,203.0,651.0,77.0,1099.0,973.0,28.9,59.4,1.332
22/11/2025,21:00:00,1.95,1140.0,7.15,950.0,-200.0,840.0,73.0,1142.0,863.0,29.0,59.9,1.41
22/11/2025,22:00:00,1.12,1044.0,4.92,867.0,120.0,843.0,65.0,1154.0,908.0,30.7,57.6,1.56
22/11/2025,23:00:00,0.82,865.0,5.02,785.0,116.0,905.0,58.0,953.0,827.0,29.2,54.1,1.62
23/11/2025,00:00:00,-200.0,866.0,3.31,694.0,54.0,-200.0,57.0,1117.0,798.0,28.8,50.0,1.48
23/11/2025,01:00:00,0.68,778.0,4.9,731.0,67.0,878.0,24.0,1026.0,783.0,26.7,55.7,1.385
23/11/2025,02:00:00,0.62,-200.0,1.92,714.0,76.0,824.0,54.0,997.0,832.0,25.8,56.8,1.478
23/11/2025,03:00:00,0.41,948.0,2.29,695.0,43.0,933.0,38.0,1016.0,842.0,25.4,65.5,1.526
23/11/2025,04:00:00,0.61,-200.0,3.86,723.0,63.0,919.0,41.0,972.0,861.0,21.0,64.5,1.432
23/11/2025,05:00:00,0.88,881.0,3.99,737.0,-200.0,876.0,72.0,1137.0,787.0,20.5,67.9,1.362
23/11/2025,06:00:00,1.68,952.0,4.24,799.0,114.0,929.0,74.0,1113.0,897.0,20.6,66.9,1.236
23/11/2025,07:00:00,1.75,1211.0,7.42,962.0,142.0,739.0,60.0,1173.0,905.0,19.7,56.2,1.289
23/11/2025,08:00:00,3.05,1359.0,7.82,944.0,188.0,704.0,93.0,1290.0,1053.0,17.0,-200.0,1.265
23/11/2025,09:00:00,2.33,1296.0,9.54,1088.0,198.0,710.0,91.0,1277.0,1014.0,20.1,69.7,1.057
23/11/2025,10:00:00,1.8,1317.0,6.37,1001.0,181.0,695.0,89.0,1189.0,997.0,21.3,74.5,1.329
23/11/2025,11:00:00,1.88,1095.0,6.63,926.0,156.0,756.0,78.0,1168.0,917.0,21.7,67.0,1.507
23/11/2025,12:00:00,1.58,1134.0,5.59,831.0,102.0,871.0,70.0,1138.0,835.0,19.4,75.2,1.225
23/11/2025,13:00:00,-200.0,943.0,4.5,803.0,73.0,824.0,38.0,1061.0,847.0,22.8,62.3,1.174
23/11/2025,14:00:00,0.92,1001.0,4.75,834.0,57.0,841.0,46.0,961.0,898.0,22.1,62.2,1.275
23/11/2025,15:00:00,0.89,985.0,4.0,875.0,-200.0,886.0,48.0,1142.0,801.0,24.1,60.1,1.312
23/11/2025,16:00:00,1.25,945.0,5.94,898.0,103.0,754.0,69.0,1114.0,953.0,26.9,49.9,1.549
23/11/2025,17:00:00,1.21,1112.0,6.89,936.0,164.0,763.0,79.0,1146.0,964.0,28.5,57.1,1.734
23/11/2025,18:00:00,2.44,1271.0,9.29,1060.0,182.0,713.0,-200.0,1268.0,869.0,26.9,57.1,1.453
23/11/2025,19:00:00,2.31,1189.0,7.15,939.0,200.0,731.0,103.0,-200.0,950.0,27.6,53.4,1.366
23/11/2025,20:00:00,2.51,1279.0,5.29,1049.0,178.0,760.0,101.0,1137.0,1106.0,31.1,61.9,-200.0
23/11/2025,21:00:00,-200.0,1080.0,8.47,953.0,191.0,760.0,82.0,1169.0,926.0,28.8,45.5,1.58
23/11/2025,22:00:00,1.3,1090.0,-200.0,753.0,119.0,817.0,50.0,1143.0,829.0,24.3,41.7,1.459
23/11/2025,23:00:00,1.26,895.0,2.1,735.0,75.0,860.0,47.0,1035.0,790.0,29.0,45.4,1.597
24/11/2025,00:00:00,0.93,927.0,2.81,715.0,39.0,885.0,32.0,990.0,793.0,26.3,53.3,1.374
24/11/2025,01:00:00,0.81,950.0,2.39,721.0,94.0,964.0,49.0,993.0,851.0,26.1,61.0,1.585
24/11/2025,02:00:00,0.14,892.0,3.48,755.0,33.0,924.0,51.0,999.0,783.0,26.2,58.3,1.441
24/11/2025,03:00:00,0.32,905.0,3.74,800.0,48.0,958.0,40.0,1018.0,762.0,21.2,57.5,1.253
24/11/2025,04:00:00,0.91,1019.0,2.95,718.0,55.0,841.0,46.0,1070.0,691.0,23.9,70.1,1.172
24/11/2025,05:00:00,0.77,930.0,5.26,704.0,86.0,924.0,33.0,1096.0,788.0,19.2,64.4,1.233
24/11/2025,06:00:00,1.33,1026.0,3.91,883.0,122.0,-200.0,59.0,-200.0,841.0,19.4,60.2,1.234
24/11/2025,07:00:00,1.84,1203.0,4.15,1002.0,154.0,802.0,50.0,1274.0,950.0,20.1,73.7,1.196
24/11/2025,08:00:00,2.29,1286.0,8.59,1085.0,179.0,624.0,104.0,1177.0,1003.0,17.3,72.9,1.291
24/11/2025,09:00:00,2.14,1285.0,8.69,1076.0,172.0,781.0,127.0,1240.0,1079.0,17.2,71.2,1.174
24/11/2025,10:00:00,2.48,1188.0,6.14,1126.0,223.0,742.0,88.0,1272.0,915.0,19.7,77.8,1.198
24/11/2025,11:00:00,1.66,1224.0,7.71,917.0,158.0,861.0,83.0,1062.0,940.0,20.5,68.1,1.218
24/11/2025,12:00:00,1.47,986.0,-200.0,928.0,127.0,875.0,69.0,1123.0,-200.0,20.2,68.5,1.162
24/11/2025,13:00:00,0.94,1123.0,-200.0,712.0,77.0,754.0,39.0,1006.0,788.0,22.4,60.1,1.291
24/11/2025,14:00:00,1.35,889.0,4.83,628.0,75.0,946.0,47.0,1038.0,880.0,28.7,59.1,1.42
24/11/2025,15:00:00,1.35,920.0,4.6,711.0,114.0,-200.0,59.0,1058.0,937.0,21.8,57.6,1.311
24/11/2025,16:00:00,1.85,1081.0,5.65,809.0,-200.0,852.0,66.0,997.0,882.0,21.9,60.9,1.377
24/11/2025,17:00:00,2.21,1198.0,6.41,932.0,168.0,795.0,80.0,1314.0,906.0,28.2,51.6,-200.0
24/11/2025,18:00:00,2.19,1202.0,8.61,964.0,-200.0,715.0,91.0,1196.0,1063.0,25.8,52.4,1.516
24/11/2025,19:00:00,2.27,1402.0,9.61,1057.0,208.0,680.0,90.0,1340.0,1024.0,28.9,50.2,1.321
24/11/2025,20:00:00,1.94,1281.0,7.64,-200.0,220.0,755.0,102.0,1131.0,914.0,29.7,50.1,1.584
24/11/2025,21:00:00,1.86,1150.0,5.61,951.0,143.0,726.0,101.0,1129.0,922.0,28.9,46.2,1.587
24/11/2025,22:00:00,1.32,1081.0,6.31,831.0,-200.0,822.0,40.0,-200.0,859.0,29.2,49.3,1.561
24/11/2025,23:00:00,0.93,1049.0,6.37,833.0,65.0,932.0,26.0,1036.0,792.0,30.9,45.6,1.473
25/11/2025,00:00:00,0.39,997.0,4.8,656.0,60.0,839.0,25.0,1050.0,756.0,26.6,-200.0,1.579
25/11/2025,01:00:00,0.69,912.0,0.1,687.0,93.0,-200.0,35.0,1041.0,763.0,28.4,54.9,1.379
25/11/2025,02:00:00,0.52,826.0,4.54,672.0,53.0,957.0,37.0,954.0,846.0,23.3,57.8,1.473
25/11/2025,03:00:00,0.52,834.0,2.38,744.0,94.0,854.0,43.0,1082.0,-200.0,24.5,62.8,1.494
25/11/2025,04:00:00,0.78,845.0,5.61,703.0,24.0,789.0,45.0,1056.0,820.0,-200.0,71.6,1.419
25/11/2025,05:00:00,0.93,938.0,2.9,789.0,77.0,763.0,50.0,963.0,892.0,21.4,-200.0,1.148
25/11/2025,06:00:00,0.95,1060.0,4.01,883.0,136.0,798.0,79.0,1107.0,862.0,21.9,65.2,1.359
25/11/2025,07:00:00,1.59,1177.0,6.91,904.0,171.0,852.0,69.0,1207.0,866.0,19.7,64.1,1.378
25/11/2025,08:00:00,-200.0,1328.0,7.93,928.0,147.0,681.0,105.0,1222.0,1032.0,19.7,71.2,1.298
25/11/2025,09:00:00,2.39,1176.0,8.58,1038.0,183.0,686.0,124.0,1255.0,979.0,17.9,73.5,1.251
25/11/2025,10:00:00,1.74,1260.0,9.54,972.0,184.0,-200.0,76.0,1257.0,1078.0,17.7,63.6,1.216
25/11/2025,11:00:00,1.97,1193.0,8.46,897.0,140.0,823.0,56.0,1070.0,988.0,18.1,70.3,1.21
25/11/2025,12:00:00,1.31,892.0,4.27,704.0,140.0,863.0,66.0,1090.0,909.0,19.5,71.4,1.281
25/11/2025,13:00:00,0.72,1014.0,6.26,686.0,90.0,849.0,61.0,1033.0,856.0,19.6,67.1,1.411
25/11/2025,14:00:00,0.7,1124.0,2.43,797.0,52.0,900.0,50.0,1085.0,-200.0,25.5,60.9,1.34
25/11/2025,15:00:00,1.03,1033.0,3.57,724.0,99.0,910.0,27.0,1022.0,857.0,23.5,63.4,1.41
25/11/2025,16:00:00,0.77,1079.0,8.45,904.0,126.0,738.0,44.0,1219.0,761.0,25.3,56.1,1.137
25/11/2025,17:00:00,1.9,1149.0,7.42,893.0,-200.0,749.0,74.0,1132.0,927.0,24.8,59.5,1.343
25/11/2025,18:00:00,2.47,1275.0,7.62,1042.0,168.0,660.0,99.0,1160.0,1012.0,30.6,54.7,1.583
25/11/2025,19:00:00,2.62,1392.0,9.32,1036.0,186.0,664.0,96.0,1326.0,945.0,27.9,50.4,1.56
25/11/2025,20:00:00,2.51,1240.0,9.26,1051.0,214.0,752.0,97.0,1263.0,1123.0,-200.0,44.1,1.348
25/11/2025,21:00:00,1.6,1236.0,7.37,918.0,151.0,708.0,82.0,1190.0,924.0,-200.0,50.1,1.493
25/11/2025,22:00:00,1.57,1086.0,6.9,850.0,71.0,937.0,75.0,1086.0,910.0,28.5,45.0,1.548
25/11/2025,23:00:00,1.01,1074.0,3.11,835.0,63.0,-200.0,38.0,1028.0,903.0,27.9,45.9,1.377
26/11/2025,00:00:00,0.39,965.0,-200.0,726.0,74.0,871.0,41.0,-200.0,833.0,25.5,51.2,1.243
26/11/2025,01:00:00,0.72,912.0,1.94,663.0,52.0,893.0,57.0,968.0,794.0,27.8,54.6,-200.0
26/11/2025,02:00:00,-200.0,910.0,2.04,599.0,36.0,834.0,31.0,1110.0,-200.0,23.6,51.4,1.212
26/11/2025,03:00:00,1.03,891.0,3.2,702.0,56.0,821.0,34.0,1022.0,794.0,25.2,59.2,1.475
26/11/2025,04:00:00,1.04,989.0,2.18,750.0,90.0,866.0,46.0,1004.0,810.0,20.7,61.4,1.324
26/11/2025,05:00:00,0.77,941.0,4.5,775.0,130.0,927.0,39.0,-200.0,775.0,21.8,62.0,1.291
26/11/2025,06:00:00,1.4,-200.0,6.13,790.0,114.0,751.0,50.0,1027.0,865.0,18.9,65.8,1.188
26/11/2025,07:00:00,1.87,1153.0,5.5,940.0,162.0,829.0,76.0,1209.0,866.0,18.6,71.9,1.381
26/11/2025,08:00:00,2.29,1180.0,7.66,1052.0,184.0,710.0,91.0,1179.0,980.0,19.9,67.7,1.275
26/11/2025,09:00:00,2.32,1313.0,8.39,1127.0,204.0,712.0,109.0,1242.0,978.0,20.8,72.9,1.346
26/11/2025,10:00:00,2.66,1169.0,8.15,1003.0,168.0,723.0,83.0,1378.0,1008.0,21.9,69.3,1.246
26/11/2025,11:00:00,1.64,1138.0,6.78,1067.0,-200.0,806.0,80.0,1057.0,850.0,20.2,73.8,1.185
26/11/2025,12:00:00,1.74,1100.0,6.49,920.0,107.0,875.0,79.0,1094.0,829.0,20.5,71.1,1.409
26/11/2025,13:00:00,0.63,996.0,5.47,785.0,68.0,846.0,67.0,972.0,793.0,20.1,63.9,1.308
26/11/2025,14:00:00,-200.0,-200.0,2.94,767.0,66.0,895.0,48.0,1006.0,829.0,20.0,59.2,-200.0
26/11/2025,15:00:00,1.18,934.0,5.12,852.0,104.0,922.0,55.0,1045.0,830.0,24.9,62.4,1.43
26/11/2025,16:00:00,1.06,1123.0,7.06,787.0,102.0,861.0,53.0,1022.0,941.0,24.9,54.8,1.496
26/11/2025,17:00:00,1.61,1112.0,8.43,888.0,183.0,-200.0,83.0,1190.0,935.0,26.5,47.2,1.545
26/11/2025,18:00:00,2.36,1303.0,8.66,945.0,199.0,710.0,112.0,1314.0,980.0,26.9,56.6,1.326
26/11/2025,19:00:00,1.97,1378.0,8.93,1036.0,217.0,651.0,116.0,1270.0,942.0,27.3,48.3,1.418
26/11/2025,20:00:00,-200.0,1169.0,6.73,968.0,178.0,811.0,94.0,1276.0,964.0,29.8,40.0,1.392
26/11/2025,21:00:00,2.16,1140.0,6.47,912.0,140.0,783.0,84.0,1263.0,859.0,31.6,49.6,1.548
26/11/2025,22:00:00,1.69,1028.0,3.58,836.0,116.0,751.0,55.0,1135.0,906.0,27.0,55.0,1.4
26/11/2025,23:00:00,1.03,993.0,5.52,691.0,63.0,820.0,40.0,907.0,884.0,25.5,48.4,1.378
27/11/2025,00:00:00,0.49,843.0,2.68,775.0,69.0,892.0,36.0,1011.0,717.0,27.2,51.2,1.42
27/11/2025,01:00:00,0.51,831.0,2.9,766.0,79.0,967.0,43.0,850.0,803.0,25.4,57.5,1.38
27/11/2025,02:00:00,0.68,899.0,2.3,677.0,47.0,889.0,49.0,958.0,796.0,27.1,55.1,-200.0
27/11/2025,03:00:00,0.68,876.0,1.45,790.0,77.0,925.0,41.0,916.0,871.0,24.8,-200.0,1.201
27/11/2025,04:00:00,0.64,921.0,4.31,748.0,76.0,849.0,50.0,1035.0,760.0,25.5,67.1,1.395
27/11/2025,05:00:00,1.34,1030.0,4.75,827.0,109.0,-200.0,21.0,994.0,797.0,23.1,68.4,1.211
27/11/2025,06:00:00,1.25,961.0,-200.0,764.0,148.0,886.0,66.0,1117.0,893.0,20.6,68.2,1.328
27/11/2025,07:00:00,2.15,1158.0,4.87,913.0,168.0,807.0,72.0,1212.0,905.0,19.9,60.3,1.155
27/11/2025,08:00:00,2.25,1225.0,9.99,1050.0,185.0,597.0,79.0,1168.0,956.0,19.8,72.6,1.288
27/11/2025,09:00:00,2.41,1301.0,8.85,1041.0,224.0,692.0,105.0,1265.0,975.0,17.6,68.0,1.178
27/11/2025,10:00:00,2.35,1226.0,9.35,1006.0,187.0,667.0,111.0,1068.0,1009.0,19.8,72.1,1.403
27/11/2025,11:00:00,1.92,1094.0,3.81,926.0,147.0,801.0,80.0,1076.0,995.0,21.7,61.1,1.185
27/11/2025,12:00:00,1.29,-200.0,5.9,861.0,104.0,823.0,75.0,1176.0,-200.0,19.5,71.8,1.154
27/11/2025,13:00:00,-200.0,1153.0,4.21,782.0,92.0,942.0,48.0,1001.0,828.0,21.1,60.8,1.207
27/11/2025,14:00:00,1.04,954.0,3.64,839.0,101.0,853.0,74.0,1006.0,867.0,23.7,64.7,1.41
27/11/2025,15:00:00,1.4,943.0,4.18,721.0,70.0,860.0,34.0,1005.0,-200.0,26.2,64.7,-200.0
27/11/2025,16:00:00,1.34,1017.0,4.69,846.0,91.0,814.0,63.0,996.0,889.0,24.2,59.4,1.352
27/11/2025,17:00:00,1.6,1221.0,5.28,971.0,-200.0,-200.0,89.0,1104.0,995.0,26.9,56.9,1.5
27/11/2025,18:00:00,2.05,1208.0,6.9,947.0,-200.0,671.0,94.0,1225.0,922.0,27.5,53.4,1.222
27/11/2025,19:00:00,2.99,1378.0,9.03,1031.0,208.0,-200.0,117.0,1227.0,986.0,27.9,45.2,1.432
27/11/2025,20:00:00,1.75,1163.0,9.98,1025.0,216.0,691.0,69.0,1290.0,-200.0,26.0,57.0,1.417
27/11/2025,21:00:00,1.49,1176.0,8.3,1014.0,142.0,797.0,78.0,1128.0,903.0,27.9,55.5,1.474
27/11/2025,22:00:00,1.32,1098.0,5.64,846.0,91.0,873.0,61.0,1098.0,809.0,27.0,48.4,1.445
27/11/2025,23:00:00,0.79,1022.0,3.56,809.0,118.0,857.0,50.0,1015.0,-200.0,28.1,34.2,1.486
28/11/2025,00:00:00,0.81,942.0,5.48,745.0,45.0,930.0,21.0,-200.0,820.0,26.9,58.0,1.48
28/11/2025,01:00:00,0.79,916.0,3.83,549.0,74.0,925.0,37.0,914.0,656.0,24.7,45.9,-200.0
28/11/2025,02:00:00,0.48,972.0,3.75,707.0,34.0,896.0,36.0,-200.0,783.0,24.9,60.1,1.468
28/11/2025,03:00:00,1.02,850.0,-200.0,685.0,67.0,891.0,44.0,1030.0,800.0,26.8,-200.0,1.284
28/11/2025,04:00:00,0.46,892.0,3.76,809.0,67.0,923.0,58.0,970.0,800.0,21.7,65.0,1.417
28/11/2025,05:00:00,0.76,952.0,2.66,805.0,58.0,-200.0,53.0,1042.0,746.0,20.9,60.0,1.302
28/11/2025,06:00:00,1.7,1147.0,7.87,886.0,153.0,870.0,69.0,1122.0,-200.0,20.1,67.1,1.244
28/11/2025,07:00:00,1.46,1193.0,5.96,960.0,135.0,828.0,95.0,1124.0,984.0,18.6,60.1,1.125
28/11/2025,08:00:00,2.31,1302.0,7.68,1021.0,168.0,822.0,108.0,1183.0,-200.0,16.8,69.7,1.205
28/11/2025,09:00:00,2.79,1289.0,8.22,1096.0,187.0,665.0,71.0,1176.0,-200.0,21.7,70.0,1.353
28/11/2025,10:00:00,1.57,1310.0,7.97,1015.0,143.0,755.0,104.0,1347.0,990.0,16.4,73.2,1.302
28/11/2025,11:00:00,1.71,1072.0,7.78,1003.0,146.0,840.0,89.0,1138.0,892.0,17.1,66.3,1.13
28/11/2025,12:00:00,1.56,1036.0,5.41,782.0,103.0,867.0,61.0,1027.0,821.0,21.6,68.5,1.289
28/11/2025,13:00:00,0.92,973.0,4.35,833.0,110.0,827.0,47.0,948.0,781.0,18.4,63.0,1.218
28/11/2025,14:00:00,0.89,932.0,4.77,733.0,87.0,830.0,36.0,990.0,841.0,23.9,64.9,1.319
28/11/2025,15:00:00,1.04,967.0,2.47,813.0,65.0,939.0,30.0,1070.0,889.0,25.3,62.0,-200.0
28/11/2025,16:00:00,1.4,1093.0,6.3,754.0,103.0,841.0,74.0,1085.0,-200.0,24.1,61.8,1.274
28/11/2025,17:00:00,1.59,1179.0,7.14,947.0,196.0,783.0,89.0,1187.0,930.0,26.6,49.1,1.4
28/11/2025,18:00:00,2.42,1332.0,7.57,1007.0,168.0,-200.0,93.0,1268.0,943.0,27.5,52.5,1.511
28/11/2025,19:00:00,2.46,-200.0,9.16,1048.0,216.0,775.0,109.0,1241.0,995.0,27.1,52.8,1.418
28/11/2025,20:00:00,1.94,1350.0,8.55,918.0,173.0,-200.0,106.0,1218.0,1034.0,27.9,59.4,1.337
28/11/2025,21:00:00,1.67,1126.0,3.82,933.0,133.0,758.0,58.0,1259.0,1022.0,28.8,59.9,1.448
28/11/2025,22:00:00,0.96,1137.0,7.02,845.0,-200.0,867.0,67.0,1143.0,944.0,28.1,43.5,-200.0
28/11/2025,23:00:00,1.0,952.0,5.6,669.0,116.0,871.0,49.0,1071.0,898.0,29.2,48.3,1.557
29/11/2025,00:00:00,0.72,922.0,1.43,637.0,31.0,944.0,45.0,979.0,875.0,27.3,40.4,1.595
29/11/2025,01:00:00,0.66,836.0,2.1,709.0,73.0,968.0,42.0,-200.0,804.0,27.2,66.0,1.452
29/11/2025,02:00:00,0.75,-200.0,4.66,725.0,85.0,961.0,50.0,1023.0,817.0,-200.0,59.0,1.46
29/11/2025,03:00:00,0.68,945.0,3.94,706.0,52.0,809.0,22.0,1025.0,863.0,25.0,-200.0,1.326
29/11/2025,04:00:00,0.93,770.0,-200.0,729.0,91.0,911.0,60.0,1062.0,843.0,24.0,-200.0,1.402
29/11/2025,05:00:00,0.91,904.0,4.67,769.0,104.0,-200.0,45.0,1067.0,-200.0,18.5,65.0,1.263
29/11/2025,06:00:00,1.49,1104.0,-200.0,808.0,99.0,785.0,62.0,1008.0,846.0,21.0,72.7,1.416
29/11/2025,07:00:00,1.47,1140.0,5.69,922.0,134.0,867.0,59.0,1169.0,1009.0,18.6,-200.0,1.208
29/11/2025,08:00:00,1.87,1208.0,7.73,939.0,183.0,751.0,93.0,1159.0,953.0,18.5,64.0,1.257
29/11/2025,09:00:00,2.42,1391.0,10.2,1018.0,202.0,748.0,100.0,1288.0,1061.0,19.5,68.8,-200.0
29/11/2025,10:00:00,2.39,1373.0,9.2,1013.0,179.0,767.0,93.0,1131.0,975.0,19.4,69.7,1.346
29/11/2025,11:00:00,1.72,1165.0,7.32,1000.0,164.0,-200.0,71.0,1164.0,903.0,19.3,71.4,1.217
29/11/2025,12:00:00,1.48,1137.0,4.63,834.0,101.0,870.0,49.0,1104.0,771.0,-200.0,67.2,1.292
29/11/2025,13:00:00,1.07,1077.0,5.48,889.0,-200.0,882.0,61.0,985.0,831.0,21.8,60.8,1.24
29/11/2025,14:00:00,0.36,959.0,2.75,859.0,81.0,847.0,28.0,1033.0,762.0,21.6,60.7,1.306
29/11/2025,15:00:00,1.57,956.0,6.07,779.0,95.0,938.0,63.0,1100.0,792.0,25.6,60.9,1.478
29/11/2025,16:00:00,1.01,1066.0,4.54,818.0,142.0,725.0,84.0,1067.0,908.0,26.9,60.7,1.467
29/11/2025,17:00:00,1.56,1078.0,5.93,1057.0,162.0,737.0,106.0,1183.0,849.0,26.5,60.0,1.552
29/11/2025,18:00:00,2.51,1295.0,8.45,1057.0,200.0,792.0,81.0,1256.0,1048.0,26.7,51.6,1.362
29/11/2025,19:00:00,2.4,1280.0,9.26,1074.0,193.0,750.0,107.0,1186.0,1139.0,27.2,47.8,1.438
29/11/2025,20:00:00,2.03,1264.0,8.53,976.0,179.0,693.0,87.0,1228.0,954.0,31.3,45.9,1.635
29/11/2025,21:00:00,1.67,1167.0,5.38,908.0,140.0,732.0,94.0,1153.0,999.0,28.7,55.8,1.375
29/11/2025,22:00:00,1.09,1007.0,5.87,783.0,119.0,813.0,68.0,1098.0,-200.0,29.0,48.2,1.595
29/11/2025,23:00:00,0.74,974.0,5.32,849.0,90.0,881.0,48.0,952.0,860.0,29.0,47.5,1.626
